,protein,ligand1,ligand2,lambdai,y_pred
0,MCL1,32,46,0.5,31.27734
1,MCL1,32,46,0.499,31.376173
2,MCL1,32,46,0.498,31.47721
3,MCL1,32,46,0.497,31.582207
4,MCL1,32,46,0.496,31.70237
5,MCL1,32,46,0.495,31.825693
6,MCL1,32,46,0.494,31.928993
7,MCL1,32,46,0.493,32.0355
8,MCL1,32,46,0.492,32.137108
9,MCL1,32,46,0.491,32.232956
10,MCL1,32,46,0.49,32.349945
11,MCL1,32,46,0.489,32.469475
12,MCL1,32,46,0.488,32.58929
13,MCL1,32,46,0.487,32.708473
14,MCL1,32,46,0.486,32.82485
15,MCL1,32,46,0.485,32.948547
16,MCL1,32,46,0.484,33.10946
17,MCL1,32,46,0.483,33.267906
18,MCL1,32,46,0.482,33.426334
19,MCL1,32,46,0.481,33.57933
20,MCL1,32,46,0.48,33.72733
21,MCL1,32,46,0.479,33.8755
22,MCL1,32,46,0.478,34.024693
23,MCL1,32,46,0.477,34.17508
24,MCL1,32,46,0.476,34.325577
25,MCL1,32,46,0.475,34.468964
26,MCL1,32,46,0.474,34.615463
27,MCL1,32,46,0.473,34.76408
28,MCL1,32,46,0.472,34.9164
29,MCL1,32,46,0.471,35.065533
30,MCL1,32,46,0.47,35.2126
31,MCL1,32,46,0.469,35.35789
32,MCL1,32,46,0.468,35.49037
33,MCL1,32,46,0.467,35.618546
34,MCL1,32,46,0.466,35.751472
35,MCL1,32,46,0.465,35.886814
36,MCL1,32,46,0.464,35.98975
37,MCL1,32,46,0.463,36.097366
38,MCL1,32,46,0.462,36.206894
39,MCL1,32,46,0.461,36.298573
40,MCL1,32,46,0.46,36.373917
41,MCL1,32,46,0.459,36.43933
42,MCL1,32,46,0.458,36.50238
43,MCL1,32,46,0.457,36.587624
44,MCL1,32,46,0.456,36.7003
45,MCL1,32,46,0.455,36.80882
46,MCL1,32,46,0.454,36.91876
47,MCL1,32,46,0.453,37.048355
48,MCL1,32,46,0.452,37.186657
49,MCL1,32,46,0.451,37.328335
50,MCL1,32,46,0.45,37.46755
51,MCL1,32,46,0.449,37.606785
52,MCL1,32,46,0.448,37.733604
53,MCL1,32,46,0.447,37.85866
54,MCL1,32,46,0.446,37.98407
55,MCL1,32,46,0.445,38.109608
56,MCL1,32,46,0.444,38.237946
57,MCL1,32,46,0.443,38.36964
58,MCL1,32,46,0.442,38.49268
59,MCL1,32,46,0.441,38.61818
60,MCL1,32,46,0.44,38.748466
61,MCL1,32,46,0.439,38.879036
62,MCL1,32,46,0.438,39.014843
63,MCL1,32,46,0.437,39.153313
64,MCL1,32,46,0.436,39.294407
65,MCL1,32,46,0.435,39.437786
66,MCL1,32,46,0.434,39.58371
67,MCL1,32,46,0.433,39.732937
68,MCL1,32,46,0.432,39.88372
69,MCL1,32,46,0.431,40.032505
70,MCL1,32,46,0.43,40.18088
71,MCL1,32,46,0.429,40.332256
72,MCL1,32,46,0.428,40.484795
73,MCL1,32,46,0.427,40.640007
74,MCL1,32,46,0.426,40.79933
75,MCL1,32,46,0.425,40.96424
76,MCL1,32,46,0.424,41.127728
77,MCL1,32,46,0.423,41.29018
78,MCL1,32,46,0.422,41.44958
79,MCL1,32,46,0.421,41.60706
80,MCL1,32,46,0.42,41.76462
81,MCL1,32,46,0.419,41.922813
82,MCL1,32,46,0.418,42.080837
83,MCL1,32,46,0.417,42.24172
84,MCL1,32,46,0.416,42.403652
85,MCL1,32,46,0.415,42.57274
86,MCL1,32,46,0.414,42.749195
87,MCL1,32,46,0.413,42.91655
88,MCL1,32,46,0.412,43.09245
89,MCL1,32,46,0.411,43.28354
90,MCL1,32,46,0.41,43.506706
91,MCL1,32,46,0.409,43.741325
92,MCL1,32,46,0.408,43.985867
93,MCL1,32,46,0.407,44.233273
94,MCL1,32,46,0.406,44.54808
95,MCL1,32,46,0.405,44.862587
96,MCL1,32,46,0.404,45.19329
97,MCL1,32,46,0.403,45.53034
98,MCL1,32,46,0.402,45.868687
99,MCL1,32,46,0.401,46.168316
100,MCL1,32,46,0.4,46.463505
101,MCL1,32,46,0.399,46.752003
102,MCL1,32,46,0.398,47.016155
103,MCL1,32,46,0.397,47.267
104,MCL1,32,46,0.396,47.49427
105,MCL1,32,46,0.395,47.72305
106,MCL1,32,46,0.394,47.921196
107,MCL1,32,46,0.393,48.105923
108,MCL1,32,46,0.392,48.290466
109,MCL1,32,46,0.391,48.463657
110,MCL1,32,46,0.39,48.613422
111,MCL1,32,46,0.389,48.73552
112,MCL1,32,46,0.388,48.856907
113,MCL1,32,46,0.387,48.978237
114,MCL1,32,46,0.386,49.099663
115,MCL1,32,46,0.385,49.2193
116,MCL1,32,46,0.384,49.336693
117,MCL1,32,46,0.383,49.453636
118,MCL1,32,46,0.382,49.570576
119,MCL1,32,46,0.381,49.68772
120,MCL1,32,46,0.38,49.80684
121,MCL1,32,46,0.379,49.929726
122,MCL1,32,46,0.378,50.049137
123,MCL1,32,46,0.377,50.167133
124,MCL1,32,46,0.376,50.285164
125,MCL1,32,46,0.375,50.403175
126,MCL1,32,46,0.374,50.512722
127,MCL1,32,46,0.373,50.60064
128,MCL1,32,46,0.372,50.688538
129,MCL1,32,46,0.371,50.776413
130,MCL1,32,46,0.37,50.86552
131,MCL1,32,46,0.369,50.945217
132,MCL1,32,46,0.368,51.024933
133,MCL1,32,46,0.367,51.104668
134,MCL1,32,46,0.366,51.184376
135,MCL1,32,46,0.365,51.26408
136,MCL1,32,46,0.364,51.344433
137,MCL1,32,46,0.363,51.4244
138,MCL1,32,46,0.362,51.503994
139,MCL1,32,46,0.361,51.583584
140,MCL1,32,46,0.36,51.66319
141,MCL1,32,46,0.359,51.742775
142,MCL1,32,46,0.358,51.822334
143,MCL1,32,46,0.357,51.901947
144,MCL1,32,46,0.356,51.98157
145,MCL1,32,46,0.355,52.061134
146,MCL1,32,46,0.354,52.143333
147,MCL1,32,46,0.353,52.22846
148,MCL1,32,46,0.352,52.313606
149,MCL1,32,46,0.351,52.39874
150,MCL1,32,46,0.35,52.483906
151,MCL1,32,46,0.349,52.574074
152,MCL1,32,46,0.348,52.703156
153,MCL1,32,46,0.347,52.832222
154,MCL1,32,46,0.346,52.961296
155,MCL1,32,46,0.345,53.09202
156,MCL1,32,46,0.344,53.222546
157,MCL1,32,46,0.343,53.356037
158,MCL1,32,46,0.342,53.488827
159,MCL1,32,46,0.341,53.621628
160,MCL1,32,46,0.34,53.75439
161,MCL1,32,46,0.339,53.887173
162,MCL1,32,46,0.338,54.019848
163,MCL1,32,46,0.337,54.152504
164,MCL1,32,46,0.336,54.28518
165,MCL1,32,46,0.335,54.417255
166,MCL1,32,46,0.334,54.548172
167,MCL1,32,46,0.333,54.679066
168,MCL1,32,46,0.332,54.810387
169,MCL1,32,46,0.331,54.941704
170,MCL1,32,46,0.33,55.073017
171,MCL1,32,46,0.329,55.20438
172,MCL1,32,46,0.328,55.322636
173,MCL1,32,46,0.327,55.4391
174,MCL1,32,46,0.326,55.557533
175,MCL1,32,46,0.325,55.677868
176,MCL1,32,46,0.324,55.79817
177,MCL1,32,46,0.323,55.90505
178,MCL1,32,46,0.322,56.011265
179,MCL1,32,46,0.321,56.1175
180,MCL1,32,46,0.32,56.223724
181,MCL1,32,46,0.319,56.3299
182,MCL1,32,46,0.318,56.43566
183,MCL1,32,46,0.317,56.541504
184,MCL1,32,46,0.316,56.647778
185,MCL1,32,46,0.315,56.754112
186,MCL1,32,46,0.314,56.857357
187,MCL1,32,46,0.313,56.95278
188,MCL1,32,46,0.312,57.043182
189,MCL1,32,46,0.311,57.1201
190,MCL1,32,46,0.31,57.197517
191,MCL1,32,46,0.309,57.274525
192,MCL1,32,46,0.308,57.350693
193,MCL1,32,46,0.307,57.42438
194,MCL1,32,46,0.306,57.492836
195,MCL1,32,46,0.305,57.561317
196,MCL1,32,46,0.304,57.629784
197,MCL1,32,46,0.303,57.69826
198,MCL1,32,46,0.302,57.76671
199,MCL1,32,46,0.301,57.83519
200,MCL1,32,46,0.3,57.90366
201,MCL1,32,46,0.299,57.97212
202,MCL1,32,46,0.298,58.04059
203,MCL1,32,46,0.297,58.109066
204,MCL1,32,46,0.296,58.175163
205,MCL1,32,46,0.295,58.241165
206,MCL1,32,46,0.294,58.30723
207,MCL1,32,46,0.293,58.373276
208,MCL1,32,46,0.292,58.43933
209,MCL1,32,46,0.291,58.505386
210,MCL1,32,46,0.29,58.571407
211,MCL1,32,46,0.289,58.63747
212,MCL1,32,46,0.288,58.703526
213,MCL1,32,46,0.287,58.769566
214,MCL1,32,46,0.286,58.835606
215,MCL1,32,46,0.285,58.901672
216,MCL1,32,46,0.284,58.9677
217,MCL1,32,46,0.283,59.03375
218,MCL1,32,46,0.282,59.099964
219,MCL1,32,46,0.281,59.166264
220,MCL1,32,46,0.28,59.23256
221,MCL1,32,46,0.279,59.29885
222,MCL1,32,46,0.278,59.365154
223,MCL1,32,46,0.277,59.431446
224,MCL1,32,46,0.276,59.497738
225,MCL1,32,46,0.275,59.56403
226,MCL1,32,46,0.274,59.630325
227,MCL1,32,46,0.273,59.696636
228,MCL1,32,46,0.272,59.76292
229,MCL1,32,46,0.271,59.829224
230,MCL1,32,46,0.27,59.895527
231,MCL1,32,46,0.269,59.961815
232,MCL1,32,46,0.268,60.028103
233,MCL1,32,46,0.267,60.09441
234,MCL1,32,46,0.266,60.160103
235,MCL1,32,46,0.265,60.225716
236,MCL1,32,46,0.264,60.29131
237,MCL1,32,46,0.263,60.340725
238,MCL1,32,46,0.262,60.380985
239,MCL1,32,46,0.261,60.402756
240,MCL1,32,46,0.26,60.419456
241,MCL1,32,46,0.259,60.436188
242,MCL1,32,46,0.258,60.452774
243,MCL1,32,46,0.257,60.46921
244,MCL1,32,46,0.256,60.485626
245,MCL1,32,46,0.255,60.502045
246,MCL1,32,46,0.254,60.518433
247,MCL1,32,46,0.253,60.533257
248,MCL1,32,46,0.252,60.524223
249,MCL1,32,46,0.251,60.51516
250,MCL1,32,46,0.25,60.50609
251,MCL1,32,46,0.249,60.49702
252,MCL1,32,46,0.248,60.487946
253,MCL1,32,46,0.247,60.478867
254,MCL1,32,46,0.246,60.469833
255,MCL1,32,46,0.245,60.412933
256,MCL1,32,46,0.244,60.345085
257,MCL1,32,46,0.243,60.245296
258,MCL1,32,46,0.242,60.084522
259,MCL1,32,46,0.241,59.911636
260,MCL1,32,46,0.24,59.737835
261,MCL1,32,46,0.239,59.56402
262,MCL1,32,46,0.238,59.39022
263,MCL1,32,46,0.237,59.216366
264,MCL1,32,46,0.236,59.04256
265,MCL1,32,46,0.235,58.868782
266,MCL1,32,46,0.234,58.694927
267,MCL1,32,46,0.233,58.521107
268,MCL1,32,46,0.232,58.34731
269,MCL1,32,46,0.231,58.173283
270,MCL1,32,46,0.23,57.99302
271,MCL1,32,46,0.229,57.812725
272,MCL1,32,46,0.228,57.63243
273,MCL1,32,46,0.227,57.451054
274,MCL1,32,46,0.226,57.268578
275,MCL1,32,46,0.225,57.086136
276,MCL1,32,46,0.224,56.902065
277,MCL1,32,46,0.223,56.71709
278,MCL1,32,46,0.222,56.532097
279,MCL1,32,46,0.221,56.347107
280,MCL1,32,46,0.22,56.16211
281,MCL1,32,46,0.219,55.97688
282,MCL1,32,46,0.218,55.789135
283,MCL1,32,46,0.217,55.60149
284,MCL1,32,46,0.216,55.394894
285,MCL1,32,46,0.215,55.1862
286,MCL1,32,46,0.214,54.9768
287,MCL1,32,46,0.213,54.743114
288,MCL1,32,46,0.212,54.512318
289,MCL1,32,46,0.211,54.28472
290,MCL1,32,46,0.21,54.05709
291,MCL1,32,46,0.209,53.828197
292,MCL1,32,46,0.208,53.599377
293,MCL1,32,46,0.207,53.37059
294,MCL1,32,46,0.206,53.1403
295,MCL1,32,46,0.205,52.909256
296,MCL1,32,46,0.204,52.677383
297,MCL1,32,46,0.203,52.452747
298,MCL1,32,46,0.202,52.230183
299,MCL1,32,46,0.201,52.007652
300,MCL1,32,46,0.2,51.825405
301,MCL1,32,46,0.199,51.67666
302,MCL1,32,46,0.198,51.530144
303,MCL1,32,46,0.197,51.391945
304,MCL1,32,46,0.196,51.253765
305,MCL1,32,46,0.195,51.115585
306,MCL1,32,46,0.194,50.977383
307,MCL1,32,46,0.193,50.83919
308,MCL1,32,46,0.192,50.701
309,MCL1,32,46,0.191,50.55871
310,MCL1,32,46,0.19,50.402473
311,MCL1,32,46,0.189,50.24389
312,MCL1,32,46,0.188,50.085304
313,MCL1,32,46,0.187,49.927082
314,MCL1,32,46,0.186,49.768925
315,MCL1,32,46,0.185,49.610786
316,MCL1,32,46,0.184,49.45263
317,MCL1,32,46,0.183,49.29448
318,MCL1,32,46,0.182,49.140408
319,MCL1,32,46,0.181,48.988358
320,MCL1,32,46,0.18,48.833317
321,MCL1,32,46,0.179,48.674496
322,MCL1,32,46,0.178,48.51319
323,MCL1,32,46,0.177,48.352795
324,MCL1,32,46,0.176,48.18361
325,MCL1,32,46,0.175,47.96923
326,MCL1,32,46,0.174,47.74248
327,MCL1,32,46,0.173,47.49485
328,MCL1,32,46,0.172,47.211502
329,MCL1,32,46,0.171,46.914722
330,MCL1,32,46,0.17,46.581326
331,MCL1,32,46,0.169,46.23684
332,MCL1,32,46,0.168,45.904926
333,MCL1,32,46,0.167,45.55094
334,MCL1,32,46,0.166,45.19745
335,MCL1,32,46,0.165,44.843662
336,MCL1,32,46,0.164,44.4963
337,MCL1,32,46,0.163,44.160522
338,MCL1,32,46,0.162,43.79859
339,MCL1,32,46,0.161,43.41739
340,MCL1,32,46,0.16,43.02235
341,MCL1,32,46,0.159,42.7145
342,MCL1,32,46,0.158,42.454014
343,MCL1,32,46,0.157,42.220467
344,MCL1,32,46,0.156,42.02569
345,MCL1,32,46,0.155,41.847923
346,MCL1,32,46,0.154,41.676216
347,MCL1,32,46,0.153,41.512226
348,MCL1,32,46,0.152,41.34527
349,MCL1,32,46,0.151,41.176865
350,MCL1,32,46,0.15,41.009518
351,MCL1,32,46,0.149,40.84005
352,MCL1,32,46,0.148,40.67996
353,MCL1,32,46,0.147,40.52128
354,MCL1,32,46,0.146,40.363503
355,MCL1,32,46,0.145,40.209995
356,MCL1,32,46,0.144,40.059002
357,MCL1,32,46,0.143,39.91044
358,MCL1,32,46,0.142,39.767525
359,MCL1,32,46,0.141,39.61375
360,MCL1,32,46,0.14,39.427006
361,MCL1,32,46,0.139,39.23537
362,MCL1,32,46,0.138,39.049423
363,MCL1,32,46,0.137,38.870327
364,MCL1,32,46,0.136,38.697166
365,MCL1,32,46,0.135,38.530193
366,MCL1,32,46,0.134,38.368576
367,MCL1,32,46,0.133,38.20834
368,MCL1,32,46,0.132,38.05357
369,MCL1,32,46,0.131,37.881767
370,MCL1,32,46,0.13,37.709614
371,MCL1,32,46,0.129,37.551006
372,MCL1,32,46,0.128,37.398674
373,MCL1,32,46,0.127,37.242565
374,MCL1,32,46,0.126,37.0718
375,MCL1,32,46,0.125,36.918533
376,MCL1,32,46,0.124,36.7483
377,MCL1,32,46,0.123,36.608543
378,MCL1,32,46,0.122,36.48167
379,MCL1,32,46,0.121,36.35818
380,MCL1,32,46,0.12,36.199146
381,MCL1,32,46,0.119,36.03708
382,MCL1,32,46,0.118,35.860413
383,MCL1,32,46,0.117,35.70076
384,MCL1,32,46,0.116,35.54187
385,MCL1,32,46,0.115,35.371964
386,MCL1,32,46,0.114,35.193703
387,MCL1,32,46,0.113,35.017303
388,MCL1,32,46,0.112,34.82968
389,MCL1,32,46,0.111,34.644337
390,MCL1,32,46,0.11,34.450043
391,MCL1,32,46,0.109,34.256245
392,MCL1,32,46,0.108,34.05583
393,MCL1,32,46,0.107,33.848186
394,MCL1,32,46,0.106,33.641228
395,MCL1,32,46,0.105,33.434944
396,MCL1,32,46,0.104,33.21691
397,MCL1,32,46,0.103,32.996807
398,MCL1,32,46,0.102,32.768814
399,MCL1,32,46,0.101,32.537693
400,MCL1,32,46,0.1,32.30957
401,MCL1,32,46,0.099,32.128395
402,MCL1,32,46,0.098,31.930971
403,MCL1,32,46,0.097,31.710264
404,MCL1,32,46,0.096,31.460125
405,MCL1,32,46,0.095,31.292036
406,MCL1,32,46,0.094,31.135767
407,MCL1,32,46,0.093,30.98868
408,MCL1,32,46,0.092,30.84226
409,MCL1,32,46,0.091,30.699015
410,MCL1,32,46,0.09,30.543442
411,MCL1,32,46,0.089,30.376152
412,MCL1,32,46,0.088,30.197306
413,MCL1,32,46,0.087,29.997486
414,MCL1,32,46,0.086,29.787521
415,MCL1,32,46,0.085,29.559483
416,MCL1,32,46,0.084,29.34472
417,MCL1,32,46,0.083,29.12954
418,MCL1,32,46,0.082,28.922277
419,MCL1,32,46,0.081,28.708902
420,MCL1,32,46,0.08,28.503086
421,MCL1,32,46,0.079,28.289158
422,MCL1,32,46,0.078,28.0681
423,MCL1,32,46,0.077,27.868153
424,MCL1,32,46,0.076,27.677904
425,MCL1,32,46,0.075,27.469734
426,MCL1,32,46,0.074,27.22261
427,MCL1,32,46,0.073,26.950666
428,MCL1,32,46,0.072,26.670406
429,MCL1,32,46,0.071,26.435196
430,MCL1,32,46,0.07,26.152885
431,MCL1,32,46,0.069,25.815874
432,MCL1,32,46,0.068,25.461727
433,MCL1,32,46,0.067,25.079182
434,MCL1,32,46,0.066,24.682169
435,MCL1,32,46,0.065,24.324322
436,MCL1,32,46,0.064,23.915321
437,MCL1,32,46,0.063,23.425646
438,MCL1,32,46,0.062,22.9342
439,MCL1,32,46,0.061,22.414616
440,MCL1,32,46,0.06,21.929735
441,MCL1,32,46,0.059,21.62992
442,MCL1,32,46,0.058,21.335117
443,MCL1,32,46,0.057,21.047497
444,MCL1,32,46,0.056,20.801817
445,MCL1,32,46,0.055,20.592634
446,MCL1,32,46,0.054,20.3781
447,MCL1,32,46,0.053,20.171457
448,MCL1,32,46,0.052,19.970186
449,MCL1,32,46,0.051,19.78159
450,MCL1,32,46,0.05,19.591501
451,MCL1,32,46,0.049,19.404234
452,MCL1,32,46,0.048,19.212423
453,MCL1,32,46,0.047,19.020943
454,MCL1,32,46,0.046,18.836145
455,MCL1,32,46,0.045,18.642263
456,MCL1,32,46,0.044,18.406342
457,MCL1,32,46,0.043,18.18151
458,MCL1,32,46,0.042,17.98359
459,MCL1,32,46,0.041,17.7978
460,MCL1,32,46,0.04,17.610687
461,MCL1,32,46,0.039,17.422466
462,MCL1,32,46,0.038,17.237915
463,MCL1,32,46,0.037,17.049112
464,MCL1,32,46,0.036,16.84083
465,MCL1,32,46,0.035,16.603304
466,MCL1,32,46,0.034,16.342253
467,MCL1,32,46,0.033,16.072832
468,MCL1,32,46,0.032,15.797547
469,MCL1,32,46,0.031,15.51531
470,MCL1,32,46,0.03,15.196867
471,MCL1,32,46,0.029,14.794592
472,MCL1,32,46,0.028,14.207988
473,MCL1,32,46,0.027,13.365468
474,MCL1,32,46,0.026,12.570749
475,MCL1,32,46,0.025,11.761624
476,MCL1,32,46,0.024,10.576596
477,MCL1,32,46,0.023,9.3168745
478,MCL1,32,46,0.022,8.168596
479,MCL1,32,46,0.021,7.0916176
480,MCL1,32,46,0.02,6.0890136
481,MCL1,32,46,0.019,5.3702474
482,MCL1,32,46,0.018,5.147112
483,MCL1,32,46,0.017,5.0064335
484,MCL1,32,46,0.016,4.8932786
485,MCL1,32,46,0.015,4.801736
486,MCL1,32,46,0.014,4.727569
487,MCL1,32,46,0.013,4.682729
488,MCL1,32,46,0.012,4.637887
489,MCL1,32,46,0.011,4.593046
490,MCL1,32,46,0.01,4.5482054
491,MCL1,32,46,0.009,4.5033636
492,MCL1,32,46,0.008,4.4584546
493,MCL1,32,46,0.007,4.4133677
494,MCL1,32,46,0.006,4.3682795
495,MCL1,32,46,0.005,4.323192
496,MCL1,32,46,0.004,4.278104
497,MCL1,32,46,0.003,4.233014
498,MCL1,32,46,0.002,4.1879244
499,MCL1,32,46,0.001,4.142836
500,MCL1,32,46,0.0,4.097746
501,MCL1,46,32,0.5,30.70368
502,MCL1,46,32,0.499,30.797375
503,MCL1,46,32,0.498,30.892662
504,MCL1,46,32,0.497,30.989374
505,MCL1,46,32,0.496,31.086441
506,MCL1,46,32,0.495,31.1836
507,MCL1,46,32,0.494,31.281649
508,MCL1,46,32,0.493,31.380852
509,MCL1,46,32,0.492,31.484255
510,MCL1,46,32,0.491,31.590843
511,MCL1,46,32,0.49,31.714558
512,MCL1,46,32,0.489,31.832287
513,MCL1,46,32,0.488,31.93592
514,MCL1,46,32,0.487,32.04789
515,MCL1,46,32,0.486,32.146046
516,MCL1,46,32,0.485,32.269268
517,MCL1,46,32,0.484,32.38923
518,MCL1,46,32,0.483,32.50919
519,MCL1,46,32,0.482,32.629364
520,MCL1,46,32,0.481,32.74716
521,MCL1,46,32,0.48,32.869884
522,MCL1,46,32,0.479,33.033108
523,MCL1,46,32,0.478,33.190834
524,MCL1,46,32,0.477,33.349075
525,MCL1,46,32,0.476,33.506104
526,MCL1,46,32,0.475,33.65477
527,MCL1,46,32,0.474,33.803127
528,MCL1,46,32,0.473,33.951622
529,MCL1,46,32,0.472,34.1006
530,MCL1,46,32,0.471,34.251507
531,MCL1,46,32,0.47,34.39758
532,MCL1,46,32,0.469,34.54023
533,MCL1,46,32,0.468,34.685474
534,MCL1,46,32,0.467,34.83344
535,MCL1,46,32,0.466,34.981426
536,MCL1,46,32,0.465,35.128414
537,MCL1,46,32,0.464,35.27581
538,MCL1,46,32,0.463,35.418163
539,MCL1,46,32,0.462,35.547405
540,MCL1,46,32,0.461,35.677
541,MCL1,46,32,0.46,35.809937
542,MCL1,46,32,0.459,35.93749
543,MCL1,46,32,0.458,36.042267
544,MCL1,46,32,0.457,36.149296
545,MCL1,46,32,0.456,36.255733
546,MCL1,46,32,0.455,36.334045
547,MCL1,46,32,0.454,36.401024
548,MCL1,46,32,0.453,36.46151
549,MCL1,46,32,0.452,36.538486
550,MCL1,46,32,0.451,36.635895
551,MCL1,46,32,0.45,36.75605
552,MCL1,46,32,0.449,36.86187
553,MCL1,46,32,0.448,36.979294
554,MCL1,46,32,0.447,37.112522
555,MCL1,46,32,0.446,37.250717
556,MCL1,46,32,0.445,37.39027
557,MCL1,46,32,0.444,37.529617
558,MCL1,46,32,0.443,37.655285
559,MCL1,46,32,0.442,37.77574
560,MCL1,46,32,0.441,37.90025
561,MCL1,46,32,0.44,38.02599
562,MCL1,46,32,0.439,38.15357
563,MCL1,46,32,0.438,38.28709
564,MCL1,46,32,0.437,38.409016
565,MCL1,46,32,0.436,38.531944
566,MCL1,46,32,0.435,38.65491
567,MCL1,46,32,0.434,38.78025
568,MCL1,46,32,0.433,38.90783
569,MCL1,46,32,0.432,39.038364
570,MCL1,46,32,0.431,39.166374
571,MCL1,46,32,0.43,39.29643
572,MCL1,46,32,0.429,39.428917
573,MCL1,46,32,0.428,39.569542
574,MCL1,46,32,0.427,39.714607
575,MCL1,46,32,0.426,39.862057
576,MCL1,46,32,0.425,40.00964
577,MCL1,46,32,0.424,40.15779
578,MCL1,46,32,0.423,40.309883
579,MCL1,46,32,0.422,40.46345
580,MCL1,46,32,0.421,40.622932
581,MCL1,46,32,0.42,40.78711
582,MCL1,46,32,0.419,40.950623
583,MCL1,46,32,0.418,41.11456
584,MCL1,46,32,0.417,41.280857
585,MCL1,46,32,0.416,41.431458
586,MCL1,46,32,0.415,41.578884
587,MCL1,46,32,0.414,41.72691
588,MCL1,46,32,0.413,41.875034
589,MCL1,46,32,0.412,42.02445
590,MCL1,46,32,0.411,42.17559
591,MCL1,46,32,0.41,42.33088
592,MCL1,46,32,0.409,42.497467
593,MCL1,46,32,0.408,42.67301
594,MCL1,46,32,0.407,42.854027
595,MCL1,46,32,0.406,43.05169
596,MCL1,46,32,0.405,43.275597
597,MCL1,46,32,0.404,43.53949
598,MCL1,46,32,0.403,43.799587
599,MCL1,46,32,0.402,44.048985
600,MCL1,46,32,0.401,44.331585
601,MCL1,46,32,0.4,44.6441
602,MCL1,46,32,0.399,44.971546
603,MCL1,46,32,0.398,45.305126
604,MCL1,46,32,0.397,45.576862
605,MCL1,46,32,0.396,45.841713
606,MCL1,46,32,0.395,46.0874
607,MCL1,46,32,0.394,46.32258
608,MCL1,46,32,0.393,46.556534
609,MCL1,46,32,0.392,46.78469
610,MCL1,46,32,0.391,46.993412
611,MCL1,46,32,0.39,47.192703
612,MCL1,46,32,0.389,47.395077
613,MCL1,46,32,0.388,47.584694
614,MCL1,46,32,0.387,47.769646
615,MCL1,46,32,0.386,47.95453
616,MCL1,46,32,0.385,48.138985
617,MCL1,46,32,0.384,48.31241
618,MCL1,46,32,0.383,48.474026
619,MCL1,46,32,0.382,48.598137
620,MCL1,46,32,0.381,48.71946
621,MCL1,46,32,0.38,48.84083
622,MCL1,46,32,0.379,48.961945
623,MCL1,46,32,0.378,49.081776
624,MCL1,46,32,0.377,49.19955
625,MCL1,46,32,0.376,49.316483
626,MCL1,46,32,0.375,49.433407
627,MCL1,46,32,0.374,49.55072
628,MCL1,46,32,0.373,49.64268
629,MCL1,46,32,0.372,49.730198
630,MCL1,46,32,0.371,49.818466
631,MCL1,46,32,0.37,49.906734
632,MCL1,46,32,0.369,49.99502
633,MCL1,46,32,0.368,50.083282
634,MCL1,46,32,0.367,50.171555
635,MCL1,46,32,0.366,50.259808
636,MCL1,46,32,0.365,50.34808
637,MCL1,46,32,0.364,50.43634
638,MCL1,46,32,0.363,50.524612
639,MCL1,46,32,0.362,50.61294
640,MCL1,46,32,0.361,50.703793
641,MCL1,46,32,0.36,50.79235
642,MCL1,46,32,0.359,50.87242
643,MCL1,46,32,0.358,50.952515
644,MCL1,46,32,0.357,51.032555
645,MCL1,46,32,0.356,51.11239
646,MCL1,46,32,0.355,51.19238
647,MCL1,46,32,0.354,51.27237
648,MCL1,46,32,0.353,51.352352
649,MCL1,46,32,0.352,51.43234
650,MCL1,46,32,0.351,51.51231
651,MCL1,46,32,0.35,51.592304
652,MCL1,46,32,0.349,51.672287
653,MCL1,46,32,0.348,51.75228
654,MCL1,46,32,0.347,51.832275
655,MCL1,46,32,0.346,51.91225
656,MCL1,46,32,0.345,51.995842
657,MCL1,46,32,0.344,52.081356
658,MCL1,46,32,0.343,52.166904
659,MCL1,46,32,0.342,52.252407
660,MCL1,46,32,0.341,52.33796
661,MCL1,46,32,0.34,52.450035
662,MCL1,46,32,0.339,52.579338
663,MCL1,46,32,0.338,52.708687
664,MCL1,46,32,0.337,52.838005
665,MCL1,46,32,0.336,52.97036
666,MCL1,46,32,0.335,53.102577
667,MCL1,46,32,0.334,53.23703
668,MCL1,46,32,0.333,53.370636
669,MCL1,46,32,0.332,53.503662
670,MCL1,46,32,0.331,53.63667
671,MCL1,46,32,0.33,53.7697
672,MCL1,46,32,0.329,53.902687
673,MCL1,46,32,0.328,54.035732
674,MCL1,46,32,0.327,54.16874
675,MCL1,46,32,0.326,54.300625
676,MCL1,46,32,0.325,54.43189
677,MCL1,46,32,0.324,54.56315
678,MCL1,46,32,0.323,54.694435
679,MCL1,46,32,0.322,54.825676
680,MCL1,46,32,0.321,54.957058
681,MCL1,46,32,0.32,55.08874
682,MCL1,46,32,0.319,55.209297
683,MCL1,46,32,0.318,55.327206
684,MCL1,46,32,0.317,55.447884
685,MCL1,46,32,0.316,55.568512
686,MCL1,46,32,0.315,55.68919
687,MCL1,46,32,0.314,55.798565
688,MCL1,46,32,0.313,55.90672
689,MCL1,46,32,0.312,56.01344
690,MCL1,46,32,0.311,56.119324
691,MCL1,46,32,0.31,56.20607
692,MCL1,46,32,0.309,56.283634
693,MCL1,46,32,0.308,56.3612
694,MCL1,46,32,0.307,56.438812
695,MCL1,46,32,0.306,56.51647
696,MCL1,46,32,0.305,56.593296
697,MCL1,46,32,0.304,56.664265
698,MCL1,46,32,0.303,56.735672
699,MCL1,46,32,0.302,56.80704
700,MCL1,46,32,0.301,56.87843
701,MCL1,46,32,0.3,56.94978
702,MCL1,46,32,0.299,57.021168
703,MCL1,46,32,0.298,57.092564
704,MCL1,46,32,0.297,57.163395
705,MCL1,46,32,0.296,57.233665
706,MCL1,46,32,0.295,57.303955
707,MCL1,46,32,0.294,57.37422
708,MCL1,46,32,0.293,57.44451
709,MCL1,46,32,0.292,57.514164
710,MCL1,46,32,0.291,57.583607
711,MCL1,46,32,0.29,57.653072
712,MCL1,46,32,0.289,57.722553
713,MCL1,46,32,0.288,57.792004
714,MCL1,46,32,0.287,57.861477
715,MCL1,46,32,0.286,57.93096
716,MCL1,46,32,0.285,58.000423
717,MCL1,46,32,0.284,58.06989
718,MCL1,46,32,0.283,58.139378
719,MCL1,46,32,0.282,58.20682
720,MCL1,46,32,0.281,58.2738
721,MCL1,46,32,0.28,58.340805
722,MCL1,46,32,0.279,58.40782
723,MCL1,46,32,0.278,58.474823
724,MCL1,46,32,0.277,58.541824
725,MCL1,46,32,0.276,58.60883
726,MCL1,46,32,0.275,58.67585
727,MCL1,46,32,0.274,58.74283
728,MCL1,46,32,0.273,58.809853
729,MCL1,46,32,0.272,58.876835
730,MCL1,46,32,0.271,58.943848
731,MCL1,46,32,0.27,59.01085
732,MCL1,46,32,0.269,59.077847
733,MCL1,46,32,0.268,59.144867
734,MCL1,46,32,0.267,59.21186
735,MCL1,46,32,0.266,59.278866
736,MCL1,46,32,0.265,59.345863
737,MCL1,46,32,0.264,59.412857
738,MCL1,46,32,0.263,59.479866
739,MCL1,46,32,0.262,59.54689
740,MCL1,46,32,0.261,59.613895
741,MCL1,46,32,0.26,59.68087
742,MCL1,46,32,0.259,59.73814
743,MCL1,46,32,0.258,59.779354
744,MCL1,46,32,0.257,59.820564
745,MCL1,46,32,0.256,59.838406
746,MCL1,46,32,0.255,59.85549
747,MCL1,46,32,0.254,59.872593
748,MCL1,46,32,0.253,59.889664
749,MCL1,46,32,0.252,59.906757
750,MCL1,46,32,0.251,59.923862
751,MCL1,46,32,0.25,59.940945
752,MCL1,46,32,0.249,59.958035
753,MCL1,46,32,0.248,59.975098
754,MCL1,46,32,0.247,59.99196
755,MCL1,46,32,0.246,60.005844
756,MCL1,46,32,0.245,59.997364
757,MCL1,46,32,0.244,59.948826
758,MCL1,46,32,0.243,59.87185
759,MCL1,46,32,0.242,59.786297
760,MCL1,46,32,0.241,59.611965
761,MCL1,46,32,0.24,59.437286
762,MCL1,46,32,0.239,59.26261
763,MCL1,46,32,0.238,59.087944
764,MCL1,46,32,0.237,58.91329
765,MCL1,46,32,0.236,58.738586
766,MCL1,46,32,0.235,58.564133
767,MCL1,46,32,0.234,58.389652
768,MCL1,46,32,0.233,58.215366
769,MCL1,46,32,0.232,58.035446
770,MCL1,46,32,0.231,57.854706
771,MCL1,46,32,0.23,57.673954
772,MCL1,46,32,0.229,57.492184
773,MCL1,46,32,0.228,57.30928
774,MCL1,46,32,0.227,57.12638
775,MCL1,46,32,0.226,56.942715
776,MCL1,46,32,0.225,56.757053
777,MCL1,46,32,0.224,56.571373
778,MCL1,46,32,0.223,56.385662
779,MCL1,46,32,0.222,56.199993
780,MCL1,46,32,0.221,56.0143
781,MCL1,46,32,0.22,55.825893
782,MCL1,46,32,0.219,55.637466
783,MCL1,46,32,0.218,55.43666
784,MCL1,46,32,0.217,55.22713
785,MCL1,46,32,0.216,55.018093
786,MCL1,46,32,0.215,54.788578
787,MCL1,46,32,0.214,54.55375
788,MCL1,46,32,0.213,54.325115
789,MCL1,46,32,0.212,54.096493
790,MCL1,46,32,0.211,53.866978
791,MCL1,46,32,0.21,53.635426
792,MCL1,46,32,0.209,53.404987
793,MCL1,46,32,0.208,53.17398
794,MCL1,46,32,0.207,52.941902
795,MCL1,46,32,0.206,52.70798
796,MCL1,46,32,0.205,52.48092
797,MCL1,46,32,0.204,52.257393
798,MCL1,46,32,0.203,52.033833
799,MCL1,46,32,0.202,51.827534
800,MCL1,46,32,0.201,51.6781
801,MCL1,46,32,0.2,51.528675
802,MCL1,46,32,0.199,51.388233
803,MCL1,46,32,0.198,51.249462
804,MCL1,46,32,0.197,51.11072
805,MCL1,46,32,0.196,50.97196
806,MCL1,46,32,0.195,50.833206
807,MCL1,46,32,0.194,50.694443
808,MCL1,46,32,0.193,50.552002
809,MCL1,46,32,0.192,50.39513
810,MCL1,46,32,0.191,50.23661
811,MCL1,46,32,0.19,50.077282
812,MCL1,46,32,0.189,49.917953
813,MCL1,46,32,0.188,49.75887
814,MCL1,46,32,0.187,49.599976
815,MCL1,46,32,0.186,49.44108
816,MCL1,46,32,0.185,49.282177
817,MCL1,46,32,0.184,49.12736
818,MCL1,46,32,0.183,48.974342
819,MCL1,46,32,0.182,48.81863
820,MCL1,46,32,0.181,48.65955
821,MCL1,46,32,0.18,48.4976
822,MCL1,46,32,0.179,48.336742
823,MCL1,46,32,0.178,48.163
824,MCL1,46,32,0.177,47.94747
825,MCL1,46,32,0.176,47.717346
826,MCL1,46,32,0.175,47.466843
827,MCL1,46,32,0.174,47.178333
828,MCL1,46,32,0.173,46.87756
829,MCL1,46,32,0.172,46.537968
830,MCL1,46,32,0.171,46.193
831,MCL1,46,32,0.17,45.852264
832,MCL1,46,32,0.169,45.49631
833,MCL1,46,32,0.168,45.14109
834,MCL1,46,32,0.167,44.784966
835,MCL1,46,32,0.166,44.4347
836,MCL1,46,32,0.165,44.094513
837,MCL1,46,32,0.164,43.724915
838,MCL1,46,32,0.163,43.336132
839,MCL1,46,32,0.162,42.940426
840,MCL1,46,32,0.161,42.65336
841,MCL1,46,32,0.16,42.395977
842,MCL1,46,32,0.159,42.17101
843,MCL1,46,32,0.158,41.980972
844,MCL1,46,32,0.157,41.80425
845,MCL1,46,32,0.156,41.633617
846,MCL1,46,32,0.155,41.47093
847,MCL1,46,32,0.154,41.30139
848,MCL1,46,32,0.153,41.132484
849,MCL1,46,32,0.152,40.964058
850,MCL1,46,32,0.151,40.795837
851,MCL1,46,32,0.15,40.636208
852,MCL1,46,32,0.149,40.477005
853,MCL1,46,32,0.148,40.319088
854,MCL1,46,32,0.147,40.167046
855,MCL1,46,32,0.146,40.014908
856,MCL1,46,32,0.145,39.86852
857,MCL1,46,32,0.144,39.72524
858,MCL1,46,32,0.143,39.58264
859,MCL1,46,32,0.142,39.432693
860,MCL1,46,32,0.141,39.27723
861,MCL1,46,32,0.14,39.12482
862,MCL1,46,32,0.139,38.977097
863,MCL1,46,32,0.138,38.83079
864,MCL1,46,32,0.137,38.681564
865,MCL1,46,32,0.136,38.536007
866,MCL1,46,32,0.135,38.37393
867,MCL1,46,32,0.134,38.214996
868,MCL1,46,32,0.133,38.063164
869,MCL1,46,32,0.132,37.889736
870,MCL1,46,32,0.131,37.716038
871,MCL1,46,32,0.13,37.556736
872,MCL1,46,32,0.129,37.40256
873,MCL1,46,32,0.128,37.242485
874,MCL1,46,32,0.127,37.07024
875,MCL1,46,32,0.126,36.917118
876,MCL1,46,32,0.125,36.744633
877,MCL1,46,32,0.124,36.604305
878,MCL1,46,32,0.123,36.476696
879,MCL1,46,32,0.122,36.353256
880,MCL1,46,32,0.121,36.193287
881,MCL1,46,32,0.12,36.033077
882,MCL1,46,32,0.119,35.848114
883,MCL1,46,32,0.118,35.673126
884,MCL1,46,32,0.117,35.492645
885,MCL1,46,32,0.116,35.295673
886,MCL1,46,32,0.115,35.09649
887,MCL1,46,32,0.114,34.90492
888,MCL1,46,32,0.113,34.71877
889,MCL1,46,32,0.112,34.52595
890,MCL1,46,32,0.111,34.33158
891,MCL1,46,32,0.11,34.135605
892,MCL1,46,32,0.109,33.92687
893,MCL1,46,32,0.108,33.718433
894,MCL1,46,32,0.107,33.510975
895,MCL1,46,32,0.106,33.296707
896,MCL1,46,32,0.105,33.07609
897,MCL1,46,32,0.104,32.849655
898,MCL1,46,32,0.103,32.620636
899,MCL1,46,32,0.102,32.38231
900,MCL1,46,32,0.101,32.195286
901,MCL1,46,32,0.1,32.002285
902,MCL1,46,32,0.099,31.787224
903,MCL1,46,32,0.098,31.546606
904,MCL1,46,32,0.097,31.348225
905,MCL1,46,32,0.096,31.190468
906,MCL1,46,32,0.095,31.040133
907,MCL1,46,32,0.094,30.893105
908,MCL1,46,32,0.093,30.748653
909,MCL1,46,32,0.092,30.601368
910,MCL1,46,32,0.091,30.433674
911,MCL1,46,32,0.09,30.260239
912,MCL1,46,32,0.089,30.077856
913,MCL1,46,32,0.088,29.886969
914,MCL1,46,32,0.087,29.680965
915,MCL1,46,32,0.086,29.473742
916,MCL1,46,32,0.085,29.257008
917,MCL1,46,32,0.084,29.046272
918,MCL1,46,32,0.083,28.83747
919,MCL1,46,32,0.082,28.62643
920,MCL1,46,32,0.081,28.421896
921,MCL1,46,32,0.08,28.199165
922,MCL1,46,32,0.079,27.989305
923,MCL1,46,32,0.078,27.7914
924,MCL1,46,32,0.077,27.60249
925,MCL1,46,32,0.076,27.374844
926,MCL1,46,32,0.075,27.117071
927,MCL1,46,32,0.074,26.8368
928,MCL1,46,32,0.073,26.575758
929,MCL1,46,32,0.072,26.330765
930,MCL1,46,32,0.071,26.02576
931,MCL1,46,32,0.07,25.679167
932,MCL1,46,32,0.069,25.32065
933,MCL1,46,32,0.068,24.918253
934,MCL1,46,32,0.067,24.54074
935,MCL1,46,32,0.066,24.193266
936,MCL1,46,32,0.065,23.736988
937,MCL1,46,32,0.064,23.27458
938,MCL1,46,32,0.063,22.75597
939,MCL1,46,32,0.062,22.24131
940,MCL1,46,32,0.061,21.82713
941,MCL1,46,32,0.06,21.539072
942,MCL1,46,32,0.059,21.244448
943,MCL1,46,32,0.058,20.963621
944,MCL1,46,32,0.057,20.729391
945,MCL1,46,32,0.056,20.51973
946,MCL1,46,32,0.055,20.309906
947,MCL1,46,32,0.054,20.10666
948,MCL1,46,32,0.053,19.909855
949,MCL1,46,32,0.052,19.727629
950,MCL1,46,32,0.051,19.54159
951,MCL1,46,32,0.05,19.358757
952,MCL1,46,32,0.049,19.169323
953,MCL1,46,32,0.048,18.980062
954,MCL1,46,32,0.047,18.800776
955,MCL1,46,32,0.046,18.614697
956,MCL1,46,32,0.045,18.387705
957,MCL1,46,32,0.044,18.165478
958,MCL1,46,32,0.043,17.972586
959,MCL1,46,32,0.042,17.78982
960,MCL1,46,32,0.041,17.606228
961,MCL1,46,32,0.04,17.421808
962,MCL1,46,32,0.039,17.239553
963,MCL1,46,32,0.038,17.055143
964,MCL1,46,32,0.037,16.858925
965,MCL1,46,32,0.036,16.624556
966,MCL1,46,32,0.035,16.374231
967,MCL1,46,32,0.034,16.10792
968,MCL1,46,32,0.033,15.8416
969,MCL1,46,32,0.032,15.574003
970,MCL1,46,32,0.031,15.274476
971,MCL1,46,32,0.03,14.928911
972,MCL1,46,32,0.029,14.484457
973,MCL1,46,32,0.028,13.756903
974,MCL1,46,32,0.027,12.949068
975,MCL1,46,32,0.026,12.198749
976,MCL1,46,32,0.025,11.326409
977,MCL1,46,32,0.024,10.014556
978,MCL1,46,32,0.023,8.832762
979,MCL1,46,32,0.022,7.7130613
980,MCL1,46,32,0.021,6.641616
981,MCL1,46,32,0.02,5.761436
982,MCL1,46,32,0.019,5.2202005
983,MCL1,46,32,0.018,5.04607
984,MCL1,46,32,0.017,4.9226046
985,MCL1,46,32,0.016,4.8182745
986,MCL1,46,32,0.015,4.7340336
987,MCL1,46,32,0.014,4.6745005
988,MCL1,46,32,0.013,4.629914
989,MCL1,46,32,0.012,4.585325
990,MCL1,46,32,0.011,4.540739
991,MCL1,46,32,0.01,4.496151
992,MCL1,46,32,0.009,4.451564
993,MCL1,46,32,0.008,4.4069767
994,MCL1,46,32,0.007,4.362389
995,MCL1,46,32,0.006,4.317801
996,MCL1,46,32,0.005,4.2732134
997,MCL1,46,32,0.004,4.2286267
998,MCL1,46,32,0.003,4.18404
999,MCL1,46,32,0.002,4.1394515
1000,MCL1,46,32,0.001,4.0948644
1001,MCL1,46,32,0.0,4.050274
