protein,ligand,lambdai,Gi(kcal/mol),stddev(kcal/mol),dG(kcal/mol),stddev(kcal/mol),aue(kcal/mol),,
4CB7,8,0,0,0,-8.829731,0.188116,2.97,,
4CB7,8,0.05,16.29449,0.04758422,-8.829731,0.188116,2.97,,
4CB7,8,0.1,30.23993,0.0761762,-8.829731,0.188116,2.97,,
4CB7,8,0.15,42.01792,0.09078781,-8.829731,0.188116,2.97,,
4CB7,8,0.2,53.20817,0.09297397,-8.829731,0.188116,2.97,,
4CB7,8,0.25,64.31194,0.09351814,-8.829731,0.188116,2.97,,
4CB7,8,0.3,59.97102,0.1011011,-8.829731,0.188116,2.97,,
4CB7,8,0.35,53.69555,0.1111915,-8.829731,0.188116,2.97,,
4CB7,8,0.4,46.23592,0.1180991,-8.829731,0.188116,2.97,,
4CB7,8,0.45,37.79396,0.1239897,-8.829731,0.188116,2.97,,
4CB7,8,0.5,28.44415,0.1295333,-8.829731,0.188116,2.97,,
4CB7,8,1,0,0,-8.829731,0.188116,2.97,,
4CB7,8,0.95,17.18685,0.04354329,-8.829731,0.188116,2.97,,
4CB7,8,0.9,32.09338,0.07236689,-8.829731,0.188116,2.97,,
4CB7,8,0.85,44.15881,0.0946496,-8.829731,0.188116,2.97,,
4CB7,8,0.8,55.29884,0.09710433,-8.829731,0.188116,2.97,,
4CB7,8,0.75,66.36534,0.09752903,-8.829731,0.188116,2.97,,
4CB7,8,0.7,60.07303,0.1099412,-8.829731,0.188116,2.97,,
4CB7,8,0.65,51.36004,0.1195051,-8.829731,0.188116,2.97,,
4CB7,8,0.6,41.52847,0.125262,-8.829731,0.188116,2.97,,
4CB7,8,0.55,30.76097,0.130612,-8.829731,0.188116,2.97,,
4CB7,8,0.5,19.03467,0.1364139,-8.829731,0.188116,2.97,,
4CB7,9,0,0,0,-12.232761,0.186276,0.37,,
4CB7,9,0.05,16.40587,0.047189,-12.232761,0.186276,0.37,,
4CB7,9,0.1,30.16081,0.08268601,-12.232761,0.186276,0.37,,
4CB7,9,0.15,41.7099,0.09424711,-12.232761,0.186276,0.37,,
4CB7,9,0.2,52.86541,0.09559303,-12.232761,0.186276,0.37,,
4CB7,9,0.25,63.95711,0.09602101,-12.232761,0.186276,0.37,,
4CB7,9,0.3,59.44736,0.1026982,-12.232761,0.186276,0.37,,
4CB7,9,0.35,53.12832,0.1114153,-12.232761,0.186276,0.37,,
4CB7,9,0.4,45.76023,0.1173635,-12.232761,0.186276,0.37,,
4CB7,9,0.45,37.53426,0.1226994,-12.232761,0.186276,0.37,,
4CB7,9,0.5,28.42991,0.1283822,-12.232761,0.186276,0.37,,
4CB7,9,1,0,0,-12.232761,0.186276,0.37,,
4CB7,9,0.95,17.38091,0.04197366,-12.232761,0.186276,0.37,,
4CB7,9,0.9,31.87999,0.08889621,-12.232761,0.186276,0.37,,
4CB7,9,0.85,43.22944,0.1002668,-12.232761,0.186276,0.37,,
4CB7,9,0.8,54.29229,0.1006938,-12.232761,0.186276,0.37,,
4CB7,9,0.75,65.33155,0.1008258,-12.232761,0.186276,0.37,,
4CB7,9,0.7,58.3335,0.1109993,-12.232761,0.186276,0.37,,
4CB7,9,0.65,49.08732,0.1192595,-12.232761,0.186276,0.37,,
4CB7,9,0.6,38.81222,0.1247235,-12.232761,0.186276,0.37,,
4CB7,9,0.55,27.63896,0.1298275,-12.232761,0.186276,0.37,,
4CB7,9,0.5,15.6174,0.134969,-12.232761,0.186276,0.37,,
5CBClip,G6,0,0,0,-7.724952,0.451364,0.92,,
5CBClip,G6,0.05,18.75316,0.01707629,-7.724952,0.451364,0.92,,
5CBClip,G6,0.1,36.96244,0.03252658,-7.724952,0.451364,0.92,,
5CBClip,G6,0.15,54.24381,0.05193691,-7.724952,0.451364,0.92,,
5CBClip,G6,0.2,70.4249,0.06350567,-7.724952,0.451364,0.92,,
5CBClip,G6,0.25,85.91202,0.06744582,-7.724952,0.451364,0.92,,
5CBClip,G6,0.3,85.89108,0.06749576,-7.724952,0.451364,0.92,,
5CBClip,G6,0.35,85.86953,0.06754914,-7.724952,0.451364,0.92,,
5CBClip,G6,0.4,85.8473,0.06760689,-7.724952,0.451364,0.92,,
5CBClip,G6,0.45,85.82222,0.06767811,-7.724952,0.451364,0.92,,
5CBClip,G6,0.5,82.92909,0.2870093,-7.724952,0.451364,0.92,,
5CBClip,G6,1,0,0,-7.724952,0.451364,0.92,,
5CBClip,G6,0.95,19.12359,0.01212334,-7.724952,0.451364,0.92,,
5CBClip,G6,0.9,37.94588,0.02302436,-7.724952,0.451364,0.92,,
5CBClip,G6,0.85,56.38811,0.03376391,-7.724952,0.451364,0.92,,
5CBClip,G6,0.8,73.77521,0.05888608,-7.724952,0.451364,0.92,,
5CBClip,G6,0.75,89.53411,0.07054965,-7.724952,0.451364,0.92,,
5CBClip,G6,0.7,89.51701,0.07059298,-7.724952,0.451364,0.92,,
5CBClip,G6,0.65,89.49956,0.07063868,-7.724952,0.451364,0.92,,
5CBClip,G6,0.6,89.4816,0.07068733,-7.724952,0.451364,0.92,,
5CBClip,G6,0.55,86.56853,0.3387984,-7.724952,0.451364,0.92,,
5CBClip,G6,0.5,74.6244,0.3483601,-7.724952,0.451364,0.92,,
5OAMe,G1,0,0,0,-8.201104,0.167006,-2.96,,
5OAMe,G1,0.05,16.05286,0.04537629,-8.201104,0.167006,-2.96,,
5OAMe,G1,0.1,29.56958,0.08241973,-8.201104,0.167006,-2.96,,
5OAMe,G1,0.15,40.93267,0.09306791,-8.201104,0.167006,-2.96,,
5OAMe,G1,0.2,52.01661,0.09386502,-8.201104,0.167006,-2.96,,
5OAMe,G1,0.25,63.06699,0.09407976,-8.201104,0.167006,-2.96,,
5OAMe,G1,0.3,56.09472,0.1055787,-8.201104,0.167006,-2.96,,
5OAMe,G1,0.35,47.10486,0.112112,-8.201104,0.167006,-2.96,,
5OAMe,G1,0.4,37.53687,0.115161,-8.201104,0.167006,-2.96,,
5OAMe,G1,0.45,27.60577,0.1173874,-8.201104,0.167006,-2.96,,
5OAMe,G1,0.5,17.36877,0.1196251,-8.201104,0.167006,-2.96,,
5OAMe,G1,1,0,0,-8.201104,0.167006,-2.96,,
5OAMe,G1,0.95,16.01841,0.07898885,-8.201104,0.167006,-2.96,,
5OAMe,G1,0.9,27.6324,0.09486896,-8.201104,0.167006,-2.96,,
5OAMe,G1,0.85,38.71836,0.09594855,-8.201104,0.167006,-2.96,,
5OAMe,G1,0.8,49.75657,0.09621116,-8.201104,0.167006,-2.96,,
5OAMe,G1,0.75,60.78202,0.09631902,-8.201104,0.167006,-2.96,,
5OAMe,G1,0.7,52.24423,0.1036855,-8.201104,0.167006,-2.96,,
5OAMe,G1,0.65,42.00109,0.1086694,-8.201104,0.167006,-2.96,,
5OAMe,G1,0.6,31.2266,0.1116704,-8.201104,0.167006,-2.96,,
5OAMe,G1,0.55,20.07041,0.1141131,-8.201104,0.167006,-2.96,,
5OAMe,G1,0.5,8.587916,0.1165368,-8.201104,0.167006,-2.96,,
5OAH,G6,0,0,0,-8.303699,0.216581,-2.97,,
5OAH,G6,0.05,16.96961,0.04235014,-8.303699,0.216581,-2.97,,
5OAH,G6,0.1,31.94069,0.06770348,-8.303699,0.216581,-2.97,,
5OAH,G6,0.15,45.20547,0.08286615,-8.303699,0.216581,-2.97,,
5OAH,G6,0.2,57.33685,0.09071253,-8.303699,0.216581,-2.97,,
5OAH,G6,0.25,68.91494,0.09459905,-8.303699,0.216581,-2.97,,
5OAH,G6,0.3,66.92723,0.100853,-8.303699,0.216581,-2.97,,
5OAH,G6,0.35,63.5031,0.1114254,-8.303699,0.216581,-2.97,,
5OAH,G6,0.4,58.27816,0.1234195,-8.303699,0.216581,-2.97,,
5OAH,G6,0.45,51.05392,0.1351178,-8.303699,0.216581,-2.97,,
5OAH,G6,0.5,41.73118,0.146386,-8.303699,0.216581,-2.97,,
5OAH,G6,1,0,0,-8.303699,0.216581,-2.97,,
5OAH,G6,0.95,18.00588,0.03446309,-8.303699,0.216581,-2.97,,
5OAH,G6,0.9,32.51926,0.1049338,-8.303699,0.216581,-2.97,,
5OAH,G6,0.85,44.18008,0.1139175,-8.303699,0.216581,-2.97,,
5OAH,G6,0.8,55.44981,0.1152838,-8.303699,0.216581,-2.97,,
5OAH,G6,0.75,66.62033,0.115868,-8.303699,0.216581,-2.97,,
5OAH,G6,0.7,63.48724,0.1200362,-8.303699,0.216581,-2.97,,
5OAH,G6,0.65,58.69897,0.1292314,-8.303699,0.216581,-2.97,,
5OAH,G6,0.6,52.0936,0.1399052,-8.303699,0.216581,-2.97,,
5OAH,G6,0.55,43.46709,0.1500845,-8.303699,0.216581,-2.97,,
5OAH,G6,0.5,32.84773,0.1596203,-8.303699,0.216581,-2.97,,
5OAH,G1,0,0,0,-6.906614,0.178407,-1.87,,
5OAH,G1,0.05,16.01663,0.04714614,-6.906614,0.178407,-1.87,,
5OAH,G1,0.1,29.49245,0.08228436,-6.906614,0.178407,-1.87,,
5OAH,G1,0.15,40.87892,0.09321282,-6.906614,0.178407,-1.87,,
5OAH,G1,0.2,51.96748,0.09411307,-6.906614,0.178407,-1.87,,
5OAH,G1,0.25,63.01955,0.09434332,-6.906614,0.178407,-1.87,,
5OAH,G1,0.3,56.34551,0.1064755,-6.906614,0.178407,-1.87,,
5OAH,G1,0.35,47.57904,0.113211,-6.906614,0.178407,-1.87,,
5OAH,G1,0.4,38.22108,0.1162477,-6.906614,0.178407,-1.87,,
5OAH,G1,0.45,28.45928,0.1187525,-6.906614,0.178407,-1.87,,
5OAH,G1,0.5,18.33672,0.1213558,-6.906614,0.178407,-1.87,,
5OAH,G1,1,0,0,-6.906614,0.178407,-1.87,,
5OAH,G1,0.95,17.03432,0.05134183,-6.906614,0.178407,-1.87,,
5OAH,G1,0.9,29.97103,0.1061066,-6.906614,0.178407,-1.87,,
5OAH,G1,0.85,41.09918,0.1109011,-6.906614,0.178407,-1.87,,
5OAH,G1,0.8,52.14225,0.1112478,-6.906614,0.178407,-1.87,,
5OAH,G1,0.75,63.17078,0.1113549,-6.906614,0.178407,-1.87,,
5OAH,G1,0.7,54.70788,0.1187128,-6.906614,0.178407,-1.87,,
5OAH,G1,0.65,44.46744,0.1233335,-6.906614,0.178407,-1.87,,
5OAH,G1,0.6,33.65411,0.1261651,-6.906614,0.178407,-1.87,,
5OAH,G1,0.55,22.42888,0.1284282,-6.906614,0.178407,-1.87,,
5OAH,G1,0.5,10.85036,0.1307741,-6.906614,0.178407,-1.87,,
5OAH,G5,0,0,0,-3.379909,0.216451,1.12,,
5OAH,G5,0.05,17.12601,0.03824663,-3.379909,0.216451,1.12,,
5OAH,G5,0.1,32.52505,0.06204452,-3.379909,0.216451,1.12,,
5OAH,G5,0.15,45.97267,0.08505016,-3.379909,0.216451,1.12,,
5OAH,G5,0.2,57.66043,0.09556416,-3.379909,0.216451,1.12,,
5OAH,G5,0.25,68.89873,0.09753359,-3.379909,0.216451,1.12,,
5OAH,G5,0.3,65.84246,0.1034892,-3.379909,0.216451,1.12,,
5OAH,G5,0.35,60.95051,0.1158256,-3.379909,0.216451,1.12,,
5OAH,G5,0.4,54.18894,0.1270417,-3.379909,0.216451,1.12,,
5OAH,G5,0.45,45.70068,0.1366335,-3.379909,0.216451,1.12,,
5OAH,G5,0.5,35.63066,0.1447306,-3.379909,0.216451,1.12,,
5OAH,G5,1,0,0,-3.379909,0.216451,1.12,,
5OAH,G5,0.95,18.22409,0.03050843,-3.379909,0.216451,1.12,,
5OAH,G5,0.9,33.25769,0.1107364,-3.379909,0.216451,1.12,,
5OAH,G5,0.85,44.87796,0.1204229,-3.379909,0.216451,1.12,,
5OAH,G5,0.8,56.09399,0.1215756,-3.379909,0.216451,1.12,,
5OAH,G5,0.75,67.22658,0.1220145,-3.379909,0.216451,1.12,,
5OAH,G5,0.7,63.67577,0.126395,-3.379909,0.216451,1.12,,
5OAH,G5,0.65,58.23671,0.1362063,-3.379909,0.216451,1.12,,
5OAH,G5,0.6,51.01105,0.1453098,-3.379909,0.216451,1.12,,
5OAH,G5,0.55,42.12657,0.1534484,-3.379909,0.216451,1.12,,
5OAH,G5,0.5,31.67101,0.1609481,-3.379909,0.216451,1.12,,
6CB8,G0,0,0,0,-7.81605,0.215614,-1.13,,
6CB8,G0,0.05,18.44755,0.02103999,-7.81605,0.215614,-1.13,,
6CB8,G0,0.1,36.01204,0.04331888,-7.81605,0.215614,-1.13,,
6CB8,G0,0.15,52.26788,0.06267019,-7.81605,0.215614,-1.13,,
6CB8,G0,0.2,67.09316,0.08032758,-7.81605,0.215614,-1.13,,
6CB8,G0,0.25,78.90448,0.09822255,-7.81605,0.215614,-1.13,,
6CB8,G0,0.3,75.45181,0.108074,-7.81605,0.215614,-1.13,,
6CB8,G0,0.35,69.93136,0.1198716,-7.81605,0.215614,-1.13,,
6CB8,G0,0.4,62.98535,0.1272626,-7.81605,0.215614,-1.13,,
6CB8,G0,0.45,55.05353,0.1326156,-7.81605,0.215614,-1.13,,
6CB8,G0,0.5,46.25252,0.1376143,-7.81605,0.215614,-1.13,,
6CB8,G0,1,0,0,-7.81605,0.215614,-1.13,,
6CB8,G0,0.95,18.93258,0.01446198,-7.81605,0.215614,-1.13,,
6CB8,G0,0.9,37.46805,0.02728465,-7.81605,0.215614,-1.13,,
6CB8,G0,0.85,55.21525,0.04760644,-7.81605,0.215614,-1.13,,
6CB8,G0,0.8,71.38792,0.06745578,-7.81605,0.215614,-1.13,,
6CB8,G0,0.75,86.22022,0.08260065,-7.81605,0.215614,-1.13,,
6CB8,G0,0.7,81.20272,0.1406017,-7.81605,0.215614,-1.13,,
6CB8,G0,0.65,72.22613,0.1516115,-7.81605,0.215614,-1.13,,
6CB8,G0,0.6,61.73708,0.157327,-7.81605,0.215614,-1.13,,
6CB8,G0,0.55,50.23704,0.161599,-7.81605,0.215614,-1.13,,
6CB8,G0,0.5,37.85673,0.1659872,-7.81605,0.215614,-1.13,,
6CB8,G8,0,0,0,-14.470047,0.202185,-0.97,,
6CB8,G8,0.05,17.2293,0.03927629,-14.470047,0.202185,-0.97,,
6CB8,G8,0.1,32.6787,0.06379376,-14.470047,0.202185,-0.97,,
6CB8,G8,0.15,45.59637,0.09508505,-14.470047,0.202185,-0.97,,
6CB8,G8,0.2,56.92402,0.1016592,-14.470047,0.202185,-0.97,,
6CB8,G8,0.25,68.05893,0.1025776,-14.470047,0.202185,-0.97,,
6CB8,G8,0.3,64.20492,0.1088739,-14.470047,0.202185,-0.97,,
6CB8,G8,0.35,58.55425,0.1179169,-14.470047,0.202185,-0.97,,
6CB8,G8,0.4,51.64413,0.124963,-14.470047,0.202185,-0.97,,
6CB8,G8,0.45,43.71513,0.1307056,-14.470047,0.202185,-0.97,,
6CB8,G8,0.5,34.88617,0.1359242,-14.470047,0.202185,-0.97,,
6CB8,G8,1,0,0,-14.470047,0.202185,-0.97,,
6CB8,G8,0.95,18.13275,0.03073521,-14.470047,0.202185,-0.97,,
6CB8,G8,0.9,34.52082,0.06181236,-14.470047,0.202185,-0.97,,
6CB8,G8,0.85,48.35818,0.1046378,-14.470047,0.202185,-0.97,,
6CB8,G8,0.8,59.58355,0.1128902,-14.470047,0.202185,-0.97,,
6CB8,G8,0.75,70.64754,0.1131898,-14.470047,0.202185,-0.97,,
6CB8,G8,0.7,63.79175,0.1267256,-14.470047,0.202185,-0.97,,
6CB8,G8,0.65,54.3356,0.1355223,-14.470047,0.202185,-0.97,,
6CB8,G8,0.6,43.69764,0.140856,-14.470047,0.202185,-0.97,,
6CB8,G8,0.55,32.17707,0.1450901,-14.470047,0.202185,-0.97,,
6CB8,G8,0.5,19.83638,0.1496782,-14.470047,0.202185,-0.97,,
6CB8,G9,0,0,0,-7.184724,0.19331,1.50,,
6CB8,G9,0.05,16.71187,0.047213,-7.184724,0.19331,1.50,,
6CB8,G9,0.1,30.50171,0.08340413,-7.184724,0.19331,1.50,,
6CB8,G9,0.15,42.12479,0.09519574,-7.184724,0.19331,1.50,,
6CB8,G9,0.2,53.29804,0.09682906,-7.184724,0.19331,1.50,,
6CB8,G9,0.25,64.39815,0.09728627,-7.184724,0.19331,1.50,,
6CB8,G9,0.3,60.0501,0.1039104,-7.184724,0.19331,1.50,,
6CB8,G9,0.35,53.87622,0.1128875,-7.184724,0.19331,1.50,,
6CB8,G9,0.4,46.53759,0.119765,-7.184724,0.19331,1.50,,
6CB8,G9,0.45,38.15177,0.1261302,-7.184724,0.19331,1.50,,
6CB8,G9,0.5,28.77681,0.1319798,-7.184724,0.19331,1.50,,
6CB8,G9,1,0,0,-7.184724,0.19331,1.50,,
6CB8,G9,0.95,17.55829,0.04162416,-7.184724,0.19331,1.50,,
6CB8,G9,0.9,32.44742,0.07678501,-7.184724,0.19331,1.50,,
6CB8,G9,0.85,44.45547,0.09630313,-7.184724,0.19331,1.50,,
6CB8,G9,0.8,55.61268,0.098726,-7.184724,0.19331,1.50,,
6CB8,G9,0.75,66.68876,0.09916899,-7.184724,0.19331,1.50,,
6CB8,G9,0.7,61.06097,0.1121533,-7.184724,0.19331,1.50,,
6CB8,G9,0.65,52.84193,0.1227491,-7.184724,0.19331,1.50,,
6CB8,G9,0.6,43.30187,0.1294964,-7.184724,0.19331,1.50,,
6CB8,G9,0.55,32.66642,0.1353608,-7.184724,0.19331,1.50,,
6CB8,G9,0.5,21.01234,0.1412449,-7.184724,0.19331,1.50,,
6CB8,G7,0,0,0,-7.479924,0.189663,2.52,,
6CB8,G7,0.05,16.46661,0.04536784,-7.479924,0.189663,2.52,,
6CB8,G7,0.1,30.22554,0.08382881,-7.479924,0.189663,2.52,,
6CB8,G7,0.15,41.75743,0.09507982,-7.479924,0.189663,2.52,,
6CB8,G7,0.2,52.90648,0.0964145,-7.479924,0.189663,2.52,,
6CB8,G7,0.25,63.99353,0.096816,-7.479924,0.189663,2.52,,
6CB8,G7,0.3,59.36234,0.1036405,-7.479924,0.189663,2.52,,
6CB8,G7,0.35,52.83212,0.1127373,-7.479924,0.189663,2.52,,
6CB8,G7,0.4,45.14053,0.1192729,-7.479924,0.189663,2.52,,
6CB8,G7,0.45,36.49613,0.1250116,-7.479924,0.189663,2.52,,
6CB8,G7,0.5,27.01566,0.1299386,-7.479924,0.189663,2.52,,
6CB8,G7,1,0,0,-7.479924,0.189663,2.52,,
6CB8,G7,0.95,17.29666,0.04509873,-7.479924,0.189663,2.52,,
6CB8,G7,0.9,32.20804,0.07375374,-7.479924,0.189663,2.52,,
6CB8,G7,0.85,44.28858,0.09662014,-7.479924,0.189663,2.52,,
6CB8,G7,0.8,55.43282,0.09916544,-7.479924,0.189663,2.52,,
6CB8,G7,0.75,66.50178,0.09959797,-7.479924,0.189663,2.52,,
6CB8,G7,0.7,60.2936,0.1120378,-7.479924,0.189663,2.52,,
6CB8,G7,0.65,51.54283,0.1221528,-7.479924,0.189663,2.52,,
6CB8,G7,0.6,41.58505,0.1281123,-7.479924,0.189663,2.52,,
6CB8,G7,0.55,30.69026,0.1331181,-7.479924,0.189663,2.52,,
6CB8,G7,0.5,18.95599,0.1381587,-7.479924,0.189663,2.52,,
6TEMOA,G0,0,0,0,-3.75048,0.184026,2.31,,
6TEMOA,G0,0.05,16.2671,0.04619137,-3.75048,0.184026,2.31,,
6TEMOA,G0,0.1,30.04789,0.08034556,-3.75048,0.184026,2.31,,
6TEMOA,G0,0.15,41.46957,0.09221101,-3.75048,0.184026,2.31,,
6TEMOA,G0,0.2,52.55765,0.09302625,-3.75048,0.184026,2.31,,
6TEMOA,G0,0.25,63.60976,0.09325344,-3.75048,0.184026,2.31,,
6TEMOA,G0,0.3,56.77689,0.1061305,-3.75048,0.184026,2.31,,
6TEMOA,G0,0.35,47.80132,0.1133844,-3.75048,0.184026,2.31,,
6TEMOA,G0,0.4,38.19891,0.1166512,-3.75048,0.184026,2.31,,
6TEMOA,G0,0.45,28.20773,0.1189355,-3.75048,0.184026,2.31,,
6TEMOA,G0,0.5,17.89035,0.1212617,-3.75048,0.184026,2.31,,
6TEMOA,G0,1,0,0,-3.75048,0.184026,2.31,,
6TEMOA,G0,0.95,17.58595,0.04304733,-3.75048,0.184026,2.31,,
6TEMOA,G0,0.9,31.25513,0.1066139,-3.75048,0.184026,2.31,,
6TEMOA,G0,0.85,42.49326,0.1140678,-3.75048,0.184026,2.31,,
6TEMOA,G0,0.8,53.56062,0.1145489,-3.75048,0.184026,2.31,,
6TEMOA,G0,0.75,64.6025,0.1146936,-3.75048,0.184026,2.31,,
6TEMOA,G0,0.7,56.74423,0.1260523,-3.75048,0.184026,2.31,,
6TEMOA,G0,0.65,46.6771,0.1317705,-3.75048,0.184026,2.31,,
6TEMOA,G0,0.6,36.00301,0.1344517,-3.75048,0.184026,2.31,,
6TEMOA,G0,0.55,24.93826,0.1364637,-3.75048,0.184026,2.31,,
6TEMOA,G0,0.5,13.56012,0.1384241,-3.75048,0.184026,2.31,,
6TEMOA,G1,0,0,0,-3.748319,0.183074,2.22,,
6TEMOA,G1,0.05,16.02554,0.04622812,-3.748319,0.183074,2.22,,
6TEMOA,G1,0.1,29.77349,0.07617794,-3.748319,0.183074,2.22,,
6TEMOA,G1,0.15,41.30325,0.0891478,-3.748319,0.183074,2.22,,
6TEMOA,G1,0.2,52.41544,0.09033383,-3.748319,0.183074,2.22,,
6TEMOA,G1,0.25,63.47938,0.09064794,-3.748319,0.183074,2.22,,
6TEMOA,G1,0.3,57.5732,0.1019054,-3.748319,0.183074,2.22,,
6TEMOA,G1,0.35,49.49392,0.1108553,-3.748319,0.183074,2.22,,
6TEMOA,G1,0.4,40.53545,0.1156369,-3.748319,0.183074,2.22,,
6TEMOA,G1,0.45,30.95363,0.1194043,-3.748319,0.183074,2.22,,
6TEMOA,G1,0.5,20.79204,0.123281,-3.748319,0.183074,2.22,,
6TEMOA,G1,1,0,0,-3.748319,0.183074,2.22,,
6TEMOA,G1,0.95,17.3699,0.04743928,-3.748319,0.183074,2.22,,
6TEMOA,G1,0.9,31.37689,0.0949777,-3.748319,0.183074,2.22,,
6TEMOA,G1,0.85,42.72526,0.1048852,-3.748319,0.183074,2.22,,
6TEMOA,G1,0.8,53.81148,0.1054814,-3.748319,0.183074,2.22,,
6TEMOA,G1,0.75,64.86424,0.1056767,-3.748319,0.183074,2.22,,
6TEMOA,G1,0.7,57.86536,0.1168175,-3.748319,0.183074,2.22,,
6TEMOA,G1,0.65,48.60875,0.124302,-3.748319,0.183074,2.22,,
6TEMOA,G1,0.6,38.49589,0.1285203,-3.748319,0.183074,2.22,,
6TEMOA,G1,0.55,27.75899,0.1319086,-3.748319,0.183074,2.22,,
6TEMOA,G1,0.5,16.46398,0.1353442,-3.748319,0.183074,2.22,,
6TEMOA,G6,0,0,0,-3.315045,0.180942,2.08,,
6TEMOA,G6,0.05,15.84007,0.04880658,-3.315045,0.180942,2.08,,
6TEMOA,G6,0.1,28.96815,0.08376837,-3.315045,0.180942,2.08,,
6TEMOA,G6,0.15,40.28283,0.09261253,-3.315045,0.180942,2.08,,
6TEMOA,G6,0.2,51.36404,0.09342712,-3.315045,0.180942,2.08,,
6TEMOA,G6,0.25,62.41301,0.09363927,-3.315045,0.180942,2.08,,
6TEMOA,G6,0.3,55.87497,0.1039554,-3.315045,0.180942,2.08,,
6TEMOA,G6,0.35,47.31387,0.1113023,-3.315045,0.180942,2.08,,
6TEMOA,G6,0.4,37.99445,0.1155538,-3.315045,0.180942,2.08,,
6TEMOA,G6,0.45,28.1363,0.1187868,-3.315045,0.180942,2.08,,
6TEMOA,G6,0.5,17.81592,0.1219643,-3.315045,0.180942,2.08,,
6TEMOA,G6,1,0,0,-3.315045,0.180942,2.08,,
6TEMOA,G6,0.95,16.90366,0.05391878,-3.315045,0.180942,2.08,,
6TEMOA,G6,0.9,29.84037,0.1023729,-3.315045,0.180942,2.08,,
6TEMOA,G6,0.85,41.02084,0.1078692,-3.315045,0.180942,2.08,,
6TEMOA,G6,0.8,52.08461,0.1083936,-3.315045,0.180942,2.08,,
6TEMOA,G6,0.75,63.12604,0.1085612,-3.315045,0.180942,2.08,,
6TEMOA,G6,0.7,55.72177,0.1177505,-3.315045,0.180942,2.08,,
6TEMOA,G6,0.65,46.20178,0.124287,-3.315045,0.180942,2.08,,
6TEMOA,G6,0.6,35.94593,0.1278087,-3.315045,0.180942,2.08,,
6TEMOA,G6,0.55,25.17155,0.1306406,-3.315045,0.180942,2.08,,
6TEMOA,G6,0.5,13.92113,0.1336596,-3.315045,0.180942,2.08,,
6TEMOA,G4,0,0,0,-5.923131,0.183831,1.87,,
6TEMOA,G4,0.05,16.67835,0.04304908,-5.923131,0.183831,1.87,,
6TEMOA,G4,0.1,31.24582,0.07209272,-5.923131,0.183831,1.87,,
6TEMOA,G4,0.15,43.05286,0.09135777,-5.923131,0.183831,1.87,,
6TEMOA,G4,0.2,54.1738,0.09298453,-5.923131,0.183831,1.87,,
6TEMOA,G4,0.25,65.24031,0.09332648,-5.923131,0.183831,1.87,,
6TEMOA,G4,0.3,59.44657,0.104149,-5.923131,0.183831,1.87,,
6TEMOA,G4,0.35,51.57931,0.1122505,-5.923131,0.183831,1.87,,
6TEMOA,G4,0.4,42.88748,0.1168507,-5.923131,0.183831,1.87,,
6TEMOA,G4,0.45,33.60096,0.1204021,-5.923131,0.183831,1.87,,
6TEMOA,G4,0.5,23.79637,0.1238592,-5.923131,0.183831,1.87,,
6TEMOA,G4,1,0,0,-5.923131,0.183831,1.87,,
6TEMOA,G4,0.95,18.08307,0.03192738,-5.923131,0.183831,1.87,,
6TEMOA,G4,0.9,33.3119,0.09097529,-5.923131,0.183831,1.87,,
6TEMOA,G4,0.85,44.80055,0.1033925,-5.923131,0.183831,1.87,,
6TEMOA,G4,0.8,55.88123,0.1039961,-5.923131,0.183831,1.87,,
6TEMOA,G4,0.75,66.929,0.1041825,-5.923131,0.183831,1.87,,
6TEMOA,G4,0.7,59.91372,0.1156353,-5.923131,0.183831,1.87,,
6TEMOA,G4,0.65,50.44524,0.124257,-5.923131,0.183831,1.87,,
6TEMOA,G4,0.6,40.02907,0.1286542,-5.923131,0.183831,1.87,,
6TEMOA,G4,0.55,28.95291,0.1322944,-5.923131,0.183831,1.87,,
6TEMOA,G4,0.5,17.29349,0.1358405,-5.923131,0.183831,1.87,,
6OA,G6,0,0,0,-2.290939,0.191979,2.68,,
6OA,G6,0.05,15.79177,0.04781965,-2.290939,0.191979,2.68,,
6OA,G6,0.1,29.11274,0.07724472,-2.290939,0.191979,2.68,,
6OA,G6,0.15,40.66462,0.08804088,-2.290939,0.191979,2.68,,
6OA,G6,0.2,51.83006,0.08972836,-2.290939,0.191979,2.68,,
6OA,G6,0.25,62.92625,0.09021901,-2.290939,0.191979,2.68,,
6OA,G6,0.3,58.49292,0.09738184,-2.290939,0.191979,2.68,,
6OA,G6,0.35,52.11885,0.1078719,-2.290939,0.191979,2.68,,
6OA,G6,0.4,44.43537,0.1157287,-2.290939,0.191979,2.68,,
6OA,G6,0.45,35.65659,0.1224668,-2.290939,0.191979,2.68,,
6OA,G6,0.5,25.81211,0.1291998,-2.290939,0.191979,2.68,,
6OA,G6,1,0,0,-2.290939,0.191979,2.68,,
6OA,G6,0.95,16.99168,0.0517275,-2.290939,0.191979,2.68,,
6OA,G6,0.9,30.83264,0.08838288,-2.290939,0.191979,2.68,,
6OA,G6,0.85,42.41217,0.09957101,-2.290939,0.191979,2.68,,
6OA,G6,0.8,53.56495,0.1010229,-2.290939,0.191979,2.68,,
6OA,G6,0.75,64.6519,0.1014113,-2.290939,0.191979,2.68,,
6OA,G6,0.7,59.81211,0.1097399,-2.290939,0.191979,2.68,,
6OA,G6,0.65,52.68401,0.1209538,-2.290939,0.191979,2.68,,
6OA,G6,0.6,44.00279,0.1293314,-2.290939,0.191979,2.68,,
6OA,G6,0.55,34.04827,0.1358836,-2.290939,0.191979,2.68,,
6OA,G6,0.5,22.94142,0.1419981,-2.290939,0.191979,2.68,,
6OA,G5,0,0,0,-6.579103,0.17509,-1.99,,
6OA,G5,0.05,15.94051,0.04723685,-6.579103,0.17509,-1.99,,
6OA,G5,0.1,29.41021,0.08187371,-6.579103,0.17509,-1.99,,
6OA,G5,0.15,40.78601,0.09248051,-6.579103,0.17509,-1.99,,
6OA,G5,0.2,51.87664,0.09331655,-6.579103,0.17509,-1.99,,
6OA,G5,0.25,62.93069,0.09355286,-6.579103,0.17509,-1.99,,
6OA,G5,0.3,56.37977,0.1052176,-6.579103,0.17509,-1.99,,
6OA,G5,0.35,47.73814,0.1123821,-6.579103,0.17509,-1.99,,
6OA,G5,0.4,38.4861,0.1155575,-6.579103,0.17509,-1.99,,
6OA,G5,0.45,28.86703,0.1178168,-6.579103,0.17509,-1.99,,
6OA,G5,0.5,18.95951,0.1199038,-6.579103,0.17509,-1.99,,
6OA,G5,1,0,0,-6.579103,0.17509,-1.99,,
6OA,G5,0.95,17.21368,0.0457342,-6.579103,0.17509,-1.99,,
6OA,G5,0.9,31.55801,0.08477563,-6.579103,0.17509,-1.99,,
6OA,G5,0.85,43.01242,0.09693677,-6.579103,0.17509,-1.99,,
6OA,G5,0.8,54.09147,0.09763227,-6.579103,0.17509,-1.99,,
6OA,G5,0.75,65.13679,0.09782875,-6.579103,0.17509,-1.99,,
6OA,G5,0.7,56.94439,0.1142273,-6.579103,0.17509,-1.99,,
6OA,G5,0.65,46.35757,0.1208312,-6.579103,0.17509,-1.99,,
6OA,G5,0.6,35.17229,0.123618,-6.579103,0.17509,-1.99,,
6OA,G5,0.55,23.62797,0.1256243,-6.579103,0.17509,-1.99,,
6OA,G5,0.5,11.80067,0.1275921,-6.579103,0.17509,-1.99,,
6OA,G2,0,0,0,-10.757971,0.190692,-2.38,,
6OA,G2,0.05,16.97457,0.04116945,-10.757971,0.190692,-2.38,,
6OA,G2,0.1,32.01757,0.06735779,-10.757971,0.190692,-2.38,,
6OA,G2,0.15,44.24714,0.09385029,-10.757971,0.190692,-2.38,,
6OA,G2,0.2,55.40748,0.09714435,-10.757971,0.190692,-2.38,,
6OA,G2,0.25,66.48148,0.09763913,-10.757971,0.190692,-2.38,,
6OA,G2,0.3,60.59894,0.1103664,-10.757971,0.190692,-2.38,,
6OA,G2,0.35,52.50368,0.1179974,-10.757971,0.190692,-2.38,,
6OA,G2,0.4,43.76326,0.1209673,-10.757971,0.190692,-2.38,,
6OA,G2,0.45,34.64596,0.1231561,-10.757971,0.190692,-2.38,,
6OA,G2,0.5,25.21444,0.1253782,-10.757971,0.190692,-2.38,,
6OA,G2,1,0,0,-10.757971,0.190692,-2.38,,
6OA,G2,0.95,18.05574,0.03002593,-10.757971,0.190692,-2.38,,
6OA,G2,0.9,34.1362,0.06816288,-10.757971,0.190692,-2.38,,
6OA,G2,0.85,46.64782,0.1063591,-10.757971,0.190692,-2.38,,
6OA,G2,0.8,57.76281,0.1093046,-10.757971,0.190692,-2.38,,
6OA,G2,0.75,68.81627,0.1096152,-10.757971,0.190692,-2.38,,
6OA,G2,0.7,60.64574,0.1311477,-10.757971,0.190692,-2.38,,
6OA,G2,0.65,49.66487,0.1376417,-10.757971,0.190692,-2.38,,
6OA,G2,0.6,38.08045,0.1399635,-10.757971,0.190692,-2.38,,
6OA,G2,0.55,26.13367,0.1417793,-10.757971,0.190692,-2.38,,
6OA,G2,0.5,13.87673,0.1436795,-10.757971,0.190692,-2.38,,
6OA,G4,0,0,0,-4.779579,0.199508,2.33,,
6OA,G4,0.05,16.81149,0.04353073,-4.779579,0.199508,2.33,,
6OA,G4,0.1,31.61326,0.06855985,-4.779579,0.199508,2.33,,
6OA,G4,0.15,43.97493,0.09323832,-4.779579,0.199508,2.33,,
6OA,G4,0.2,55.20106,0.09756092,-4.779579,0.199508,2.33,,
6OA,G4,0.25,66.30331,0.09824022,-4.779579,0.199508,2.33,,
6OA,G4,0.3,61.72183,0.1071272,-4.779579,0.199508,2.33,,
6OA,G4,0.35,54.97648,0.1172845,-4.779579,0.199508,2.33,,
6OA,G4,0.4,47.06298,0.123413,-4.779579,0.199508,2.33,,
6OA,G4,0.45,38.25019,0.1285263,-4.779579,0.199508,2.33,,
6OA,G4,0.5,28.61512,0.1334731,-4.779579,0.199508,2.33,,
6OA,G4,1,0,0,-4.779579,0.199508,2.33,,
6OA,G4,0.95,17.93297,0.03569407,-4.779579,0.199508,2.33,,
6OA,G4,0.9,33.65392,0.06900227,-4.779579,0.199508,2.33,,
6OA,G4,0.85,46.37084,0.1051816,-4.779579,0.199508,2.33,,
6OA,G4,0.8,57.54212,0.1096011,-4.779579,0.199508,2.33,,
6OA,G4,0.75,68.62049,0.1099986,-4.779579,0.199508,2.33,,
6OA,G4,0.7,63.18629,0.1209827,-4.779579,0.199508,2.33,,
6OA,G4,0.65,55.05871,0.1321679,-4.779579,0.199508,2.33,,
6OA,G4,0.6,45.42176,0.139088,-4.779579,0.199508,2.33,,
6OA,G4,0.55,34.75346,0.143817,-4.779579,0.199508,2.33,,
6OA,G4,0.5,23.2558,0.1482854,-4.779579,0.199508,2.33,,
6OA,G3,0,0,0,-5.822622,0.178379,-0.64,,
6OA,G3,0.05,16.07355,0.04464336,-5.822622,0.178379,-0.64,,
6OA,G3,0.1,29.86755,0.0766291,-5.822622,0.178379,-0.64,,
6OA,G3,0.15,41.36862,0.08964228,-5.822622,0.178379,-0.64,,
6OA,G3,0.2,52.47044,0.09074257,-5.822622,0.178379,-0.64,,
6OA,G3,0.25,63.52783,0.09102056,-5.822622,0.178379,-0.64,,
6OA,G3,0.3,57.21193,0.1032089,-5.822622,0.178379,-0.64,,
6OA,G3,0.35,48.75459,0.1112855,-5.822622,0.178379,-0.64,,
6OA,G3,0.4,39.62314,0.1147551,-5.822622,0.178379,-0.64,,
6OA,G3,0.45,30.08256,0.1171938,-5.822622,0.178379,-0.64,,
6OA,G3,0.5,20.19196,0.1197193,-5.822622,0.178379,-0.64,,
6OA,G3,1,0,0,-5.822622,0.178379,-0.64,,
6OA,G3,0.95,17.191,0.04688688,-5.822622,0.178379,-0.64,,
6OA,G3,0.9,31.67977,0.0813072,-5.822622,0.178379,-0.64,,
6OA,G3,0.85,43.3024,0.0965286,-5.822622,0.178379,-0.64,,
6OA,G3,0.8,54.39673,0.09758592,-5.822622,0.178379,-0.64,,
6OA,G3,0.75,65.44798,0.09783418,-5.822622,0.178379,-0.64,,
6OA,G3,0.7,58.01403,0.1157751,-5.822622,0.178379,-0.64,,
6OA,G3,0.65,47.87341,0.1238006,-5.822622,0.178379,-0.64,,
6OA,G3,0.6,36.94743,0.1272972,-5.822622,0.178379,-0.64,,
6OA,G3,0.55,25.55537,0.1297734,-5.822622,0.178379,-0.64,,
6OA,G3,0.5,13.78959,0.132236,-5.822622,0.178379,-0.64,,
7OA,g1,0,0,0,-6.593638,0.18315,-1.62,,
7OA,g1,0.05,16.13815,0.04584995,-6.593638,0.18315,-1.62,,
7OA,g1,0.1,30.03811,0.07560471,-6.593638,0.18315,-1.62,,
7OA,g1,0.15,41.63742,0.08974003,-6.593638,0.18315,-1.62,,
7OA,g1,0.2,52.76268,0.09108846,-6.593638,0.18315,-1.62,,
7OA,g1,0.25,63.83403,0.0914362,-6.593638,0.18315,-1.62,,
7OA,g1,0.3,58.13096,0.1029271,-6.593638,0.18315,-1.62,,
7OA,g1,0.35,50.19684,0.1119391,-6.593638,0.18315,-1.62,,
7OA,g1,0.4,41.39627,0.1166095,-6.593638,0.18315,-1.62,,
7OA,g1,0.45,31.97589,0.120413,-6.593638,0.18315,-1.62,,
7OA,g1,0.5,21.98282,0.1242414,-6.593638,0.18315,-1.62,,
7OA,g1,1,0,0,-6.593638,0.18315,-1.62,,
7OA,g1,0.95,17.03523,0.05098481,-6.593638,0.18315,-1.62,,
7OA,g1,0.9,30.65932,0.09802521,-6.593638,0.18315,-1.62,,
7OA,g1,0.85,41.93138,0.1064246,-6.593638,0.18315,-1.62,,
7OA,g1,0.8,53.0016,0.1069415,-6.593638,0.18315,-1.62,,
7OA,g1,0.75,64.04509,0.1070959,-6.593638,0.18315,-1.62,,
7OA,g1,0.7,56.7538,0.1169217,-6.593638,0.18315,-1.62,,
7OA,g1,0.65,47.32338,0.1237722,-6.593638,0.18315,-1.62,,
7OA,g1,0.6,37.07618,0.1277943,-6.593638,0.18315,-1.62,,
7OA,g1,0.55,26.22704,0.1310127,-6.593638,0.18315,-1.62,,
7OA,g1,0.5,14.80944,0.1345662,-6.593638,0.18315,-1.62,,
7OA,g4,0,0,0,-5.033183,0.189022,1.73,,
7OA,g4,0.05,16.65926,0.04112192,-5.033183,0.189022,1.73,,
7OA,g4,0.1,31.50535,0.06597259,-5.033183,0.189022,1.73,,
7OA,g4,0.15,43.72145,0.09102845,-5.033183,0.189022,1.73,,
7OA,g4,0.2,54.91665,0.09440605,-5.033183,0.189022,1.73,,
7OA,g4,0.25,66.01376,0.09500425,-5.033183,0.189022,1.73,,
7OA,g4,0.3,61.23074,0.1046651,-5.033183,0.189022,1.73,,
7OA,g4,0.35,54.26991,0.1149575,-5.033183,0.189022,1.73,,
7OA,g4,0.4,46.15217,0.1212184,-5.033183,0.189022,1.73,,
7OA,g4,0.45,37.15832,0.1264491,-5.033183,0.189022,1.73,,
7OA,g4,0.5,27.31417,0.1317068,-5.033183,0.189022,1.73,,
7OA,g4,1,0,0,-5.033183,0.189022,1.73,,
7OA,g4,0.95,17.77661,0.03901447,-5.033183,0.189022,1.73,,
7OA,g4,0.9,32.87236,0.07854983,-5.033183,0.189022,1.73,,
7OA,g4,0.85,44.57775,0.0956275,-5.033183,0.189022,1.73,,
7OA,g4,0.8,55.69019,0.09669925,-5.033183,0.189022,1.73,,
7OA,g4,0.75,66.75677,0.09699317,-5.033183,0.189022,1.73,,
7OA,g4,0.7,61.06052,0.1075772,-5.033183,0.189022,1.73,,
7OA,g4,0.65,52.93705,0.1181585,-5.033183,0.189022,1.73,,
7OA,g4,0.6,43.47465,0.125419,-5.033183,0.189022,1.73,,
7OA,g4,0.55,33.00447,0.1308133,-5.033183,0.189022,1.73,,
7OA,g4,0.5,21.70124,0.1355832,-5.033183,0.189022,1.73,,
7trimertrip,g15,0,0,0,-9.657651,0.20508,0.86,,
7trimertrip,g15,0.05,17.54728,0.03564417,-9.657651,0.20508,0.86,,
7trimertrip,g15,0.1,33.58289,0.05758882,-9.657651,0.20508,0.86,,
7trimertrip,g15,0.15,48.07392,0.0790763,-9.657651,0.20508,0.86,,
7trimertrip,g15,0.2,59.69869,0.09478913,-9.657651,0.20508,0.86,,
7trimertrip,g15,0.25,70.80191,0.09564569,-9.657651,0.20508,0.86,,
7trimertrip,g15,0.3,65.55944,0.1076857,-9.657651,0.20508,0.86,,
7trimertrip,g15,0.35,58.19722,0.1163037,-9.657651,0.20508,0.86,,
7trimertrip,g15,0.4,50.09478,0.1198399,-9.657651,0.20508,0.86,,
7trimertrip,g15,0.45,41.54924,0.1224408,-9.657651,0.20508,0.86,,
7trimertrip,g15,0.5,32.58894,0.125301,-9.657651,0.20508,0.86,,
7trimertrip,g15,1,0,0,-9.657651,0.20508,0.86,,
7trimertrip,g15,0.95,18.55996,0.02029561,-9.657651,0.20508,0.86,,
7trimertrip,g15,0.9,36.13141,0.04730409,-9.657651,0.20508,0.86,,
7trimertrip,g15,0.85,51.83348,0.07079857,-9.657651,0.20508,0.86,,
7trimertrip,g15,0.8,64.62777,0.1147088,-9.657651,0.20508,0.86,,
7trimertrip,g15,0.75,75.75207,0.1184693,-9.657651,0.20508,0.86,,
7trimertrip,g15,0.7,68.9586,0.144102,-9.657651,0.20508,0.86,,
7trimertrip,g15,0.65,58.60718,0.1528079,-9.657651,0.20508,0.86,,
7trimertrip,g15,0.6,47.15482,0.1566637,-9.657651,0.20508,0.86,,
7trimertrip,g15,0.55,35.01078,0.1597669,-9.657651,0.20508,0.86,,
7trimertrip,g15,0.5,22.35155,0.1623494,-9.657651,0.20508,0.86,,
8TEMOA,G3,0,0,0,-4.10342,0.177882,1.68,,
8TEMOA,G3,0.05,16.20054,0.04417875,-4.10342,0.177882,1.68,,
8TEMOA,G3,0.1,30.07155,0.07966371,-4.10342,0.177882,1.68,,
8TEMOA,G3,0.15,41.54143,0.09237906,-4.10342,0.177882,1.68,,
8TEMOA,G3,0.2,52.64126,0.09336345,-4.10342,0.177882,1.68,,
8TEMOA,G3,0.25,63.69885,0.09362272,-4.10342,0.177882,1.68,,
8TEMOA,G3,0.3,57.12797,0.1057057,-4.10342,0.177882,1.68,,
8TEMOA,G3,0.35,48.4415,0.1130246,-4.10342,0.177882,1.68,,
8TEMOA,G3,0.4,39.02815,0.117052,-4.10342,0.177882,1.68,,
8TEMOA,G3,0.45,29.07164,0.120372,-4.10342,0.177882,1.68,,
8TEMOA,G3,0.5,18.63459,0.1236269,-4.10342,0.177882,1.68,,
8TEMOA,G3,1,0,0,-4.10342,0.177882,1.68,,
8TEMOA,G3,0.95,17.08206,0.0491165,-4.10342,0.177882,1.68,,
8TEMOA,G3,0.9,29.66504,0.1005404,-4.10342,0.177882,1.68,,
8TEMOA,G3,0.85,40.7857,0.1034445,-4.10342,0.177882,1.68,,
8TEMOA,G3,0.8,51.83823,0.1038882,-4.10342,0.177882,1.68,,
8TEMOA,G3,0.75,62.87361,0.1040437,-4.10342,0.177882,1.68,,
8TEMOA,G3,0.7,55.3161,0.1128969,-4.10342,0.177882,1.68,,
8TEMOA,G3,0.65,45.83385,0.1186539,-4.10342,0.177882,1.68,,
8TEMOA,G3,0.6,35.69144,0.1221363,-4.10342,0.177882,1.68,,
8TEMOA,G3,0.55,25.04248,0.1250262,-4.10342,0.177882,1.68,,
8TEMOA,G3,0.5,13.95142,0.1279001,-4.10342,0.177882,1.68,,
8CB8,G6,0,0,0,-16.215966,0.211071,-2.15,,
8CB8,G6,0.05,17.99263,0.02807489,-16.215966,0.211071,-2.15,,
8CB8,G6,0.1,34.61166,0.05529642,-16.215966,0.211071,-2.15,,
8CB8,G6,0.15,49.2468,0.08401873,-16.215966,0.211071,-2.15,,
8CB8,G6,0.2,60.88801,0.09829675,-16.215966,0.211071,-2.15,,
8CB8,G6,0.25,72.02218,0.09936037,-16.215966,0.211071,-2.15,,
8CB8,G6,0.3,67.63452,0.1077513,-16.215966,0.211071,-2.15,,
8CB8,G6,0.35,61.3928,0.1163438,-16.215966,0.211071,-2.15,,
8CB8,G6,0.4,54.18261,0.1214777,-16.215966,0.211071,-2.15,,
8CB8,G6,0.45,46.30012,0.1252544,-16.215966,0.211071,-2.15,,
8CB8,G6,0.5,37.82152,0.1290576,-16.215966,0.211071,-2.15,,
8CB8,G6,1,0,0,-16.215966,0.211071,-2.15,,
8CB8,G6,0.95,18.63367,0.01968283,-16.215966,0.211071,-2.15,,
8CB8,G6,0.9,36.37995,0.04394236,-16.215966,0.211071,-2.15,,
8CB8,G6,0.85,52.52672,0.06607598,-16.215966,0.211071,-2.15,,
8CB8,G6,0.8,65.20784,0.1226519,-16.215966,0.211071,-2.15,,
8CB8,G6,0.75,76.28851,0.1243201,-16.215966,0.211071,-2.15,,
8CB8,G6,0.7,69.17518,0.1500051,-16.215966,0.211071,-2.15,,
8CB8,G6,0.65,58.32505,0.158615,-16.215966,0.211071,-2.15,,
8CB8,G6,0.6,46.44469,0.1618398,-16.215966,0.211071,-2.15,,
8CB8,G6,0.55,33.9937,0.1643212,-16.215966,0.211071,-2.15,,
8CB8,G6,0.5,21.02581,0.1670179,-16.215966,0.211071,-2.15,,
8CB8,G3,0,0,0,-13.336971,0.227827,-1.71,,
8CB8,G3,0.05,18.21223,0.02403839,-13.336971,0.227827,-1.71,,
8CB8,G3,0.1,35.33156,0.04925751,-13.336971,0.227827,-1.71,,
8CB8,G3,0.15,50.51381,0.08078666,-13.336971,0.227827,-1.71,,
8CB8,G3,0.2,62.1942,0.09711384,-13.336971,0.227827,-1.71,,
8CB8,G3,0.25,73.32637,0.09809197,-13.336971,0.227827,-1.71,,
8CB8,G3,0.3,68.88704,0.1074309,-13.336971,0.227827,-1.71,,
8CB8,G3,0.35,62.42079,0.1167884,-13.336971,0.227827,-1.71,,
8CB8,G3,0.4,54.98953,0.1216383,-13.336971,0.227827,-1.71,,
8CB8,G3,0.45,46.89651,0.125548,-13.336971,0.227827,-1.71,,
8CB8,G3,0.5,38.20745,0.1293357,-13.336971,0.227827,-1.71,,
8CB8,G3,1,0,0,-13.336971,0.227827,-1.71,,
8CB8,G3,0.95,18.77257,0.01756692,-13.336971,0.227827,-1.71,,
8CB8,G3,0.9,36.90747,0.03590059,-13.336971,0.227827,-1.71,,
8CB8,G3,0.85,53.69154,0.0614956,-13.336971,0.227827,-1.71,,
8CB8,G3,0.8,66.8652,0.1509956,-13.336971,0.227827,-1.71,,
8CB8,G3,0.75,77.94286,0.1532796,-13.336971,0.227827,-1.71,,
8CB8,G3,0.7,70.85203,0.171412,-13.336971,0.227827,-1.71,,
8CB8,G3,0.65,60.55557,0.1784799,-13.336971,0.227827,-1.71,,
8CB8,G3,0.6,49.16864,0.1818939,-13.336971,0.227827,-1.71,,
8CB8,G3,0.55,37.0492,0.1847244,-13.336971,0.227827,-1.71,,
8CB8,G3,0.5,24.29073,0.1875568,-13.336971,0.227827,-1.71,,
9H26DM,CPZ,0,0,0,-6.350303,0.201713,-0.95 ,,
9H26DM,CPZ,0.05,18.29716,0.02341187,-6.350303,0.201713,-0.95 ,,
9H26DM,CPZ,0.1,35.524,0.04842118,-6.350303,0.201713,-0.95 ,,
9H26DM,CPZ,0.15,51.53749,0.0629308,-6.350303,0.201713,-0.95 ,,
9H26DM,CPZ,0.2,66.18513,0.08318987,-6.350303,0.201713,-0.95 ,,
9H26DM,CPZ,0.25,77.64584,0.09683977,-6.350303,0.201713,-0.95 ,,
9H26DM,CPZ,0.3,73.12245,0.1092715,-6.350303,0.201713,-0.95 ,,
9H26DM,CPZ,0.35,66.30816,0.1204986,-6.350303,0.201713,-0.95 ,,
9H26DM,CPZ,0.4,58.3526,0.1259626,-6.350303,0.201713,-0.95 ,,
9H26DM,CPZ,0.45,49.66096,0.1300375,-6.350303,0.201713,-0.95 ,,
9H26DM,CPZ,0.5,40.28542,0.1342693,-6.350303,0.201713,-0.95 ,,
9H26DM,CPZ,1,0,0,-6.350303,0.201713,-0.95 ,,
9H26DM,CPZ,0.95,18.99382,0.01384674,-6.350303,0.201713,-0.95 ,,
9H26DM,CPZ,0.9,37.60521,0.0270246,-6.350303,0.201713,-0.95 ,,
9H26DM,CPZ,0.85,55.34506,0.05036708,-6.350303,0.201713,-0.95 ,,
9H26DM,CPZ,0.8,70.5787,0.08223546,-6.350303,0.201713,-0.95 ,,
9H26DM,CPZ,0.75,82.06721,0.09639491,-6.350303,0.201713,-0.95 ,,
9H26DM,CPZ,0.7,76.26332,0.1273293,-6.350303,0.201713,-0.95 ,,
9H26DM,CPZ,0.65,67.04092,0.1380705,-6.350303,0.201713,-0.95 ,,
9H26DM,CPZ,0.6,56.5841,0.142993,-6.350303,0.201713,-0.95 ,,
9H26DM,CPZ,0.55,45.3147,0.1468237,-6.350303,0.201713,-0.95 ,,
9H26DM,CPZ,0.5,33.35537,0.1505327,-6.350303,0.201713,-0.95 ,,
9bCD,PMT,0,0,0,-5.325095,0.210789,-0.86 ,,
9bCD,PMT,0.05,18.14567,0.02547483,-5.325095,0.210789,-0.86 ,,
9bCD,PMT,0.1,35.10793,0.05053831,-5.325095,0.210789,-0.86 ,,
9bCD,PMT,0.15,50.90222,0.06438584,-5.325095,0.210789,-0.86 ,,
9bCD,PMT,0.2,65.40408,0.08129737,-5.325095,0.210789,-0.86 ,,
9bCD,PMT,0.25,77.4925,0.09864396,-5.325095,0.210789,-0.86 ,,
9bCD,PMT,0.3,75.00279,0.1077436,-5.325095,0.210789,-0.86 ,,
9bCD,PMT,0.35,70.75048,0.119302,-5.325095,0.210789,-0.86 ,,
9bCD,PMT,0.4,64.80216,0.1288302,-5.325095,0.210789,-0.86 ,,
9bCD,PMT,0.45,57.25445,0.1377523,-5.325095,0.210789,-0.86 ,,
9bCD,PMT,0.5,48.117,0.1463844,-5.325095,0.210789,-0.86 ,,
9bCD,PMT,1,0,0,-5.325095,0.210789,-0.86 ,,
9bCD,PMT,0.95,18.79088,0.01653977,-5.325095,0.210789,-0.86 ,,
9bCD,PMT,0.9,37.01969,0.03353498,-5.325095,0.210789,-0.86 ,,
9bCD,PMT,0.85,53.82915,0.06366757,-5.325095,0.210789,-0.86 ,,
9bCD,PMT,0.8,68.69572,0.08459541,-5.325095,0.210789,-0.86 ,,
9bCD,PMT,0.75,80.41007,0.1003231,-5.325095,0.210789,-0.86 ,,
9bCD,PMT,0.7,76.81001,0.1105993,-5.325095,0.210789,-0.86 ,,
9bCD,PMT,0.65,70.91025,0.1241378,-5.325095,0.210789,-0.86 ,,
9bCD,PMT,0.6,63.03405,0.1347001,-5.325095,0.210789,-0.86 ,,
9bCD,PMT,0.55,53.42328,0.1434236,-5.325095,0.210789,-0.86 ,,
9bCD,PMT,0.5,42.21216,0.151669,-5.325095,0.210789,-0.86 ,,
9bCD,PMZ,0,0,0,-5.102573,0.214488,-0.13 ,,
9bCD,PMZ,0.05,18.13377,0.02546148,-5.102573,0.214488,-0.13 ,,
9bCD,PMZ,0.1,35.13649,0.04967212,-5.102573,0.214488,-0.13 ,,
9bCD,PMZ,0.15,50.98548,0.06340314,-5.102573,0.214488,-0.13 ,,
9bCD,PMZ,0.2,65.71413,0.07713898,-5.102573,0.214488,-0.13 ,,
9bCD,PMZ,0.25,78.18506,0.09881936,-5.102573,0.214488,-0.13 ,,
9bCD,PMZ,0.3,75.77277,0.1092989,-5.102573,0.214488,-0.13 ,,
9bCD,PMZ,0.35,71.66835,0.1201528,-5.102573,0.214488,-0.13 ,,
9bCD,PMZ,0.4,65.79249,0.1308441,-5.102573,0.214488,-0.13 ,,
9bCD,PMZ,0.45,58.18558,0.1403245,-5.102573,0.214488,-0.13 ,,
9bCD,PMZ,0.5,48.96535,0.1484308,-5.102573,0.214488,-0.13 ,,
9bCD,PMZ,1,0,0,-5.102573,0.214488,-0.13 ,,
9bCD,PMZ,0.95,18.85172,0.01633363,-5.102573,0.214488,-0.13 ,,
9bCD,PMZ,0.9,37.15755,0.03287668,-5.102573,0.214488,-0.13 ,,
9bCD,PMZ,0.85,54.08534,0.06267651,-5.102573,0.214488,-0.13 ,,
9bCD,PMZ,0.8,69.22549,0.08008649,-5.102573,0.214488,-0.13 ,,
9bCD,PMZ,0.75,81.28957,0.1022791,-5.102573,0.214488,-0.13 ,,
9bCD,PMZ,0.7,77.79772,0.1142959,-5.102573,0.214488,-0.13 ,,
9bCD,PMZ,0.65,71.91985,0.1276834,-5.102573,0.214488,-0.13 ,,
9bCD,PMZ,0.6,64.03999,0.1384592,-5.102573,0.214488,-0.13 ,,
9bCD,PMZ,0.55,54.47101,0.1465475,-5.102573,0.214488,-0.13 ,,
9bCD,PMZ,0.5,43.28303,0.154833,-5.102573,0.214488,-0.13 ,,
9bCD,TDZ,0,0,0,-5.520461,0.213451,0.18 ,,
9bCD,TDZ,0.05,18.55054,0.01934729,-5.520461,0.213451,0.18 ,,
9bCD,TDZ,0.1,36.37182,0.03860335,-5.520461,0.213451,0.18 ,,
9bCD,TDZ,0.15,53.00129,0.05815047,-5.520461,0.213451,0.18 ,,
9bCD,TDZ,0.2,68.61112,0.06822884,-5.520461,0.213451,0.18 ,,
9bCD,TDZ,0.25,83.05163,0.08016785,-5.520461,0.213451,0.18 ,,
9bCD,TDZ,0.3,82.69513,0.08345525,-5.520461,0.213451,0.18 ,,
9bCD,TDZ,0.35,80.32657,0.1076014,-5.520461,0.213451,0.18 ,,
9bCD,TDZ,0.4,75.61274,0.1204739,-5.520461,0.213451,0.18 ,,
9bCD,TDZ,0.45,68.87223,0.1325323,-5.520461,0.213451,0.18 ,,
9bCD,TDZ,0.5,60.04609,0.14409,-5.520461,0.213451,0.18 ,,
9bCD,TDZ,1,0,0,-5.520461,0.213451,0.18 ,,
9bCD,TDZ,0.95,19.03952,0.01326837,-5.520461,0.213451,0.18 ,,
9bCD,TDZ,0.9,37.74392,0.0248564,-5.520461,0.213451,0.18 ,,
9bCD,TDZ,0.85,55.92308,0.03892416,-5.520461,0.213451,0.18 ,,
9bCD,TDZ,0.8,72.52613,0.06746044,-5.520461,0.213451,0.18 ,,
9bCD,TDZ,0.75,87.31487,0.08463557,-5.520461,0.213451,0.18 ,,
9bCD,TDZ,0.7,85.51605,0.1080208,-5.520461,0.213451,0.18 ,,
9bCD,TDZ,0.65,80.95898,0.1239576,-5.520461,0.213451,0.18 ,,
9bCD,TDZ,0.6,74.13844,0.1361733,-5.520461,0.213451,0.18 ,,
9bCD,TDZ,0.55,65.07358,0.1478682,-5.520461,0.213451,0.18 ,,
9bCD,TDZ,0.5,53.94589,0.1574779,-5.520461,0.213451,0.18 ,,
9bCD,CPZ,0,0,0,-7.224191,0.218272,-1.81 ,,
9bCD,CPZ,0.05,18.26307,0.02421446,-7.224191,0.218272,-1.81 ,,
9bCD,CPZ,0.1,35.40851,0.04925326,-7.224191,0.218272,-1.81 ,,
9bCD,CPZ,0.15,51.35942,0.06381243,-7.224191,0.218272,-1.81 ,,
9bCD,CPZ,0.2,65.36464,0.1017576,-7.224191,0.218272,-1.81 ,,
9bCD,CPZ,0.25,76.62546,0.1106184,-7.224191,0.218272,-1.81 ,,
9bCD,CPZ,0.3,72.04246,0.1226792,-7.224191,0.218272,-1.81 ,,
9bCD,CPZ,0.35,65.09802,0.1320559,-7.224191,0.218272,-1.81 ,,
9bCD,CPZ,0.4,57.05576,0.1371228,-7.224191,0.218272,-1.81 ,,
9bCD,CPZ,0.45,48.22162,0.1411597,-7.224191,0.218272,-1.81 ,,
9bCD,CPZ,0.5,38.7087,0.144961,-7.224191,0.218272,-1.81 ,,
9bCD,CPZ,1,0,0,-7.224191,0.218272,-1.81 ,,
9bCD,CPZ,0.95,18.85383,0.01538398,-7.224191,0.218272,-1.81 ,,
9bCD,CPZ,0.9,37.21479,0.03101498,-7.224191,0.218272,-1.81 ,,
9bCD,CPZ,0.85,54.4031,0.05894199,-7.224191,0.218272,-1.81 ,,
9bCD,CPZ,0.8,68.62536,0.1174541,-7.224191,0.218272,-1.81 ,,
9bCD,CPZ,0.75,79.78468,0.1247339,-7.224191,0.218272,-1.81 ,,
9bCD,CPZ,0.7,73.57276,0.1435592,-7.224191,0.218272,-1.81 ,,
9bCD,CPZ,0.65,64.32245,0.1524474,-7.224191,0.218272,-1.81 ,,
9bCD,CPZ,0.6,53.91509,0.1567341,-7.224191,0.218272,-1.81 ,,
9bCD,CPZ,0.55,42.73131,0.160045,-7.224191,0.218272,-1.81 ,,
9bCD,CPZ,0.5,30.90477,0.1631835,-7.224191,0.218272,-1.81 ,,
