protein,ligand1,ligand2,lambdai,Gi(kcal/mol),stddev(kcal/mol),stddev(kcal/mol),aue(kcal/mol),,,
pfkfb3-nnp,m26,m70,0.00 ,0,0,0.35 ,1.99 ,,,
pfkfb3-nnp,m26,m70,0.05,15.71227,0.1350008,0.35 ,1.99 ,,,
pfkfb3-nnp,m26,m70,0.10 ,28.8786,0.1621611,0.35 ,1.99 ,,,
pfkfb3-nnp,m26,m70,0.15,40.66232,0.1790099,0.35 ,1.99 ,,,
pfkfb3-nnp,m26,m70,0.20 ,51.89555,0.1834425,0.35 ,1.99 ,,,
pfkfb3-nnp,m26,m70,0.25,63.01628,0.184646,0.35 ,1.99 ,,,
pfkfb3-nnp,m26,m70,0.30 ,58.09227,0.2096639,0.35 ,1.99 ,,,
pfkfb3-nnp,m26,m70,0.35 ,50.36628,0.2292557,0.35 ,1.99 ,,,
pfkfb3-nnp,m26,m70,0.4,41.19658,0.2416094,0.35 ,1.99 ,,,
pfkfb3-nnp,m26,m70,0.45 ,30.9628,0.2510819,0.35 ,1.99 ,,,
pfkfb3-nnp,m26,m70,0.5,19.89294,0.2590608,0.35 ,1.99 ,,,
pfkfb3-nnp,m70,m26,0.00 ,0,0,0.35 ,1.99 ,,,
pfkfb3-nnp,m70,m26,0.05,15.80237,0.1199683,0.35 ,1.99 ,,,
pfkfb3-nnp,m70,m26,0.10 ,29.12858,0.1472605,0.35 ,1.99 ,,,
pfkfb3-nnp,m70,m26,0.15,41.33174,0.1632533,0.35 ,1.99 ,,,
pfkfb3-nnp,m70,m26,0.20 ,52.74981,0.1726024,0.35 ,1.99 ,,,
pfkfb3-nnp,m70,m26,0.25,63.92188,0.1751964,0.35 ,1.99 ,,,
pfkfb3-nnp,m70,m26,0.3,59.81318,0.1929802,0.35 ,1.99 ,,,
pfkfb3-nnp,m70,m26,0.35,53.11449,0.2189912,0.35 ,1.99 ,,,
pfkfb3-nnp,m70,m26,0.4,44.82212,0.2322673,0.35 ,1.99 ,,,
pfkfb3-nnp,m70,m26,0.45 ,35.52985,0.2416762,0.35 ,1.99 ,,,
pfkfb3-nnp,m70,m26,0.5,25.38072,0.2502752,0.35 ,1.99 ,,,
pfkfb3-nnp,m48,m47,0.00 ,0,0,0.34 ,1.15 ,,,
pfkfb3-nnp,m48,m47,0.05,15.927,0.1383461,0.34 ,1.15 ,,,
pfkfb3-nnp,m48,m47,0.10 ,28.64433,0.1722799,0.34 ,1.15 ,,,
pfkfb3-nnp,m48,m47,0.15,40.07527,0.1842291,0.34 ,1.15 ,,,
pfkfb3-nnp,m48,m47,0.20 ,51.21394,0.1865461,0.34 ,1.15 ,,,
pfkfb3-nnp,m48,m47,0.25,62.29351,0.1872432,0.34 ,1.15 ,,,
pfkfb3-nnp,m48,m47,0.30 ,56.44414,0.2096647,0.34 ,1.15 ,,,
pfkfb3-nnp,m48,m47,0.35,47.89328,0.2292979,0.34 ,1.15 ,,,
pfkfb3-nnp,m48,m47,0.40 ,38.19076,0.2379602,0.34 ,1.15 ,,,
pfkfb3-nnp,m48,m47,0.45 ,27.88562,0.2429942,0.34 ,1.15 ,,,
pfkfb3-nnp,m48,m47,0.5,17.16517,0.2473849,0.34 ,1.15 ,,,
pfkfb3-nnp,m47,m48,0.00 ,0,0,0.34 ,1.15 ,,,
pfkfb3-nnp,m47,m48,0.05,15.36792,0.1109949,0.34 ,1.15 ,,,
pfkfb3-nnp,m47,m48,0.10 ,28.31124,0.1449367,0.34 ,1.15 ,,,
pfkfb3-nnp,m47,m48,0.15,39.89042,0.1631613,0.34 ,1.15 ,,,
pfkfb3-nnp,m47,m48,0.20 ,51.04402,0.1670744,0.34 ,1.15 ,,,
pfkfb3-nnp,m47,m48,0.25,62.12025,0.1680155,0.34 ,1.15 ,,,
pfkfb3-nnp,m47,m48,0.30 ,55.87708,0.1978897,0.34 ,1.15 ,,,
pfkfb3-nnp,m47,m48,0.35,46.95906,0.2149588,0.34 ,1.15 ,,,
pfkfb3-nnp,m47,m48,0.4,37.09463,0.2230877,0.34 ,1.15 ,,,
pfkfb3-nnp,m47,m48,0.45 ,26.6201,0.2289293,0.34 ,1.15 ,,,
pfkfb3-nnp,m47,m48,0.5,15.68937,0.2340253,0.34 ,1.15 ,,,
pfkfb3-nnp,m57,m70,0.00 ,0,0,0.34 ,1.21 ,,,
pfkfb3-nnp,m57,m70,0.05,15.36918,0.1290251,0.34 ,1.21 ,,,
pfkfb3-nnp,m57,m70,0.10 ,27.96623,0.1639099,0.34 ,1.21 ,,,
pfkfb3-nnp,m57,m70,0.15,39.32583,0.1756127,0.34 ,1.21 ,,,
pfkfb3-nnp,m57,m70,0.20 ,50.44463,0.1775238,0.34 ,1.21 ,,,
pfkfb3-nnp,m57,m70,0.25,61.51712,0.1781018,0.34 ,1.21 ,,,
pfkfb3-nnp,m57,m70,0.30 ,55.64656,0.2043584,0.34 ,1.21 ,,,
pfkfb3-nnp,m57,m70,0.35,47.03229,0.2228889,0.34 ,1.21 ,,,
pfkfb3-nnp,m57,m70,0.40 ,37.42956,0.2307951,0.34 ,1.21 ,,,
pfkfb3-nnp,m57,m70,0.45 ,27.18008,0.2370569,0.34 ,1.21 ,,,
pfkfb3-nnp,m57,m70,0.5,16.41449,0.242541,0.34 ,1.21 ,,,
pfkfb3-nnp,m70,m57,0.00 ,0,0,0.34 ,1.21 ,,,
pfkfb3-nnp,m70,m57,0.05,16.81718,0.111404,0.34 ,1.21 ,,,
pfkfb3-nnp,m70,m57,0.10 ,29.38296,0.1594356,0.34 ,1.21 ,,,
pfkfb3-nnp,m70,m57,0.15,40.70873,0.1689816,0.34 ,1.21 ,,,
pfkfb3-nnp,m70,m57,0.20 ,51.83154,0.1710822,0.34 ,1.21 ,,,
pfkfb3-nnp,m70,m57,0.25,62.90535,0.1717739,0.34 ,1.21 ,,,
pfkfb3-nnp,m70,m57,0.30 ,57.01428,0.1964248,0.34 ,1.21 ,,,
pfkfb3-nnp,m70,m57,0.35,48.45552,0.2149595,0.34 ,1.21 ,,,
pfkfb3-nnp,m70,m57,0.4,38.85001,0.2237521,0.34 ,1.21 ,,,
pfkfb3-nnp,m70,m57,0.45 ,28.57554,0.2301041,0.34 ,1.21 ,,,
pfkfb3-nnp,m70,m57,0.5,17.79803,0.2355453,0.34 ,1.21 ,,,
pfkfb3-nnp,m65,m63,0.00 ,0,0,0.33 ,1.40 ,,,
pfkfb3-nnp,m65,m63,0.05,15.69508,0.1245302,0.33 ,1.40 ,,,
pfkfb3-nnp,m65,m63,0.10 ,28.42959,0.1634468,0.33 ,1.40 ,,,
pfkfb3-nnp,m65,m63,0.15,39.77897,0.1764525,0.33 ,1.40 ,,,
pfkfb3-nnp,m65,m63,0.20 ,50.87915,0.1783253,0.33 ,1.40 ,,,
pfkfb3-nnp,m65,m63,0.25,61.93836,0.1788002,0.33 ,1.40 ,,,
pfkfb3-nnp,m65,m63,0.30 ,55.68825,0.2006647,0.33 ,1.40 ,,,
pfkfb3-nnp,m65,m63,0.35,46.83794,0.2189763,0.33 ,1.40 ,,,
pfkfb3-nnp,m65,m63,0.40 ,36.96425,0.2276795,0.33 ,1.40 ,,,
pfkfb3-nnp,m65,m63,0.45 ,26.52709,0.2328519,0.33 ,1.40 ,,,
pfkfb3-nnp,m65,m63,0.5,15.68834,0.2371934,0.33 ,1.40 ,,,
pfkfb3-nnp,m63,m65,0.00 ,0,0,0.33 ,1.40 ,,,
pfkfb3-nnp,m63,m65,0.05,15.58011,0.1081671,0.33 ,1.40 ,,,
pfkfb3-nnp,m63,m65,0.10 ,28.43254,0.1510642,0.33 ,1.40 ,,,
pfkfb3-nnp,m63,m65,0.15,39.82777,0.1654469,0.33 ,1.40 ,,,
pfkfb3-nnp,m63,m65,0.20 ,50.94124,0.1676907,0.33 ,1.40 ,,,
pfkfb3-nnp,m63,m65,0.25,62.00466,0.1683145,0.33 ,1.40 ,,,
pfkfb3-nnp,m63,m65,0.30 ,55.41863,0.1949282,0.33 ,1.40 ,,,
pfkfb3-nnp,m63,m65,0.35,46.33088,0.2103525,0.33 ,1.40 ,,,
pfkfb3-nnp,m63,m65,0.4,36.4504,0.2171469,0.33 ,1.40 ,,,
pfkfb3-nnp,m63,m65,0.45 ,26.04343,0.2228075,0.33 ,1.40 ,,,
pfkfb3-nnp,m63,m65,0.5,15.21523,0.2276509,0.33 ,1.40 ,,,
pfkfb3-nnp,m65,m34,0.00 ,0,0,0.36 ,1.20 ,,,
pfkfb3-nnp,m65,m34,0.05,16.66547,0.09393239,0.36 ,1.20 ,,,
pfkfb3-nnp,m65,m34,0.10 ,30.53581,0.1384783,0.36 ,1.20 ,,,
pfkfb3-nnp,m65,m34,0.15,42.97792,0.1570532,0.36 ,1.20 ,,,
pfkfb3-nnp,m65,m34,0.20 ,54.53704,0.1690289,0.36 ,1.20 ,,,
pfkfb3-nnp,m65,m34,0.25,65.74891,0.1729796,0.36 ,1.20 ,,,
pfkfb3-nnp,m65,m34,0.30 ,61.53434,0.1961873,0.36 ,1.20 ,,,
pfkfb3-nnp,m65,m34,0.35,54.42006,0.2232999,0.36 ,1.20 ,,,
pfkfb3-nnp,m65,m34,0.40 ,45.55519,0.2372775,0.36 ,1.20 ,,,
pfkfb3-nnp,m65,m34,0.45 ,35.72528,0.2455702,0.36 ,1.20 ,,,
pfkfb3-nnp,m65,m34,0.5,25.13534,0.2531399,0.36 ,1.20 ,,,
pfkfb3-nnp,m34,m65,0.00 ,0,0,0.36 ,1.20 ,,,
pfkfb3-nnp,m34,m65,0.05,17.09417,0.08698155,0.36 ,1.20 ,,,
pfkfb3-nnp,m34,m65,0.10 ,31.3492,0.1406429,0.36 ,1.20 ,,,
pfkfb3-nnp,m34,m65,0.15,43.74791,0.1637119,0.36 ,1.20 ,,,
pfkfb3-nnp,m34,m65,0.20 ,55.19853,0.1738923,0.36 ,1.20 ,,,
pfkfb3-nnp,m34,m65,0.25,66.38314,0.1767343,0.36 ,1.20 ,,,
pfkfb3-nnp,m34,m65,0.30 ,62.0783,0.1985379,0.36 ,1.20 ,,,
pfkfb3-nnp,m34,m65,0.35,54.96524,0.2239581,0.36 ,1.20 ,,,
pfkfb3-nnp,m34,m65,0.4,46.19518,0.2375862,0.36 ,1.20 ,,,
pfkfb3-nnp,m34,m65,0.45 ,36.43075,0.2463111,0.36 ,1.20 ,,,
pfkfb3-nnp,m34,m65,0.5,25.85889,0.2545553,0.36 ,1.20 ,,,
pfkfb3-nnp,m67,m56,0.00 ,0,0,0.36 ,1.12 ,,,
pfkfb3-nnp,m67,m56,0.05,16.16223,0.1364929,0.36 ,1.12 ,,,
pfkfb3-nnp,m67,m56,0.10 ,29.7691,0.1602138,0.36 ,1.12 ,,,
pfkfb3-nnp,m67,m56,0.15,42.22019,0.177264,0.36 ,1.12 ,,,
pfkfb3-nnp,m67,m56,0.20 ,53.65558,0.188798,0.36 ,1.12 ,,,
pfkfb3-nnp,m67,m56,0.25,64.80859,0.191137,0.36 ,1.12 ,,,
pfkfb3-nnp,m67,m56,0.30 ,60.10313,0.2133791,0.36 ,1.12 ,,,
pfkfb3-nnp,m67,m56,0.35,52.4276,0.2373693,0.36 ,1.12 ,,,
pfkfb3-nnp,m67,m56,0.40 ,43.35347,0.2476201,0.36 ,1.12 ,,,
pfkfb3-nnp,m67,m56,0.45 ,33.5443,0.2538787,0.36 ,1.12 ,,,
pfkfb3-nnp,m67,m56,0.5,23.0847,0.2603284,0.36 ,1.12 ,,,
pfkfb3-nnp,m56,m67,0.00 ,0,0,0.36 ,1.12 ,,,
pfkfb3-nnp,m56,m67,0.05,17.32959,0.07946005,0.36 ,1.12 ,,,
pfkfb3-nnp,m56,m67,0.10 ,31.64402,0.1377922,0.36 ,1.12 ,,,
pfkfb3-nnp,m56,m67,0.15,44.1537,0.1614144,0.36 ,1.12 ,,,
pfkfb3-nnp,m56,m67,0.20 ,55.62532,0.1730311,0.36 ,1.12 ,,,
pfkfb3-nnp,m56,m67,0.25,66.79513,0.1758363,0.36 ,1.12 ,,,
pfkfb3-nnp,m56,m67,0.30 ,62.10187,0.1996958,0.36 ,1.12 ,,,
pfkfb3-nnp,m56,m67,0.35,54.48832,0.2273267,0.36 ,1.12 ,,,
pfkfb3-nnp,m56,m67,0.4,45.13766,0.2405426,0.36 ,1.12 ,,,
pfkfb3-nnp,m56,m67,0.45 ,34.86341,0.2482259,0.36 ,1.12 ,,,
pfkfb3-nnp,m56,m67,0.5,23.88609,0.255078,0.36 ,1.12 ,,,
pfkfb3-nnp,m29,m63,0.00 ,0,0,0.34 ,1.07 ,,,
pfkfb3-nnp,m29,m63,0.05,16.36181,0.1113443,0.34 ,1.07 ,,,
pfkfb3-nnp,m29,m63,0.10 ,29.27352,0.1542999,0.34 ,1.07 ,,,
pfkfb3-nnp,m29,m63,0.15,40.77098,0.1684397,0.34 ,1.07 ,,,
pfkfb3-nnp,m29,m63,0.20 ,51.92612,0.1714655,0.34 ,1.07 ,,,
pfkfb3-nnp,m29,m63,0.25,63.01187,0.1722852,0.34 ,1.07 ,,,
pfkfb3-nnp,m29,m63,0.30 ,57.37128,0.1981428,0.34 ,1.07 ,,,
pfkfb3-nnp,m29,m63,0.35,48.96696,0.2188959,0.34 ,1.07 ,,,
pfkfb3-nnp,m29,m63,0.40 ,39.37736,0.2286462,0.34 ,1.07 ,,,
pfkfb3-nnp,m29,m63,0.45 ,29.04376,0.2354271,0.34 ,1.07 ,,,
pfkfb3-nnp,m29,m63,0.5,18.11436,0.2418217,0.34 ,1.07 ,,,
pfkfb3-nnp,m63,m29,0.00 ,0,0,0.34 ,1.07 ,,,
pfkfb3-nnp,m63,m29,0.05,16.72423,0.119544,0.34 ,1.07 ,,,
pfkfb3-nnp,m63,m29,0.10 ,29.47074,0.1643864,0.34 ,1.07 ,,,
pfkfb3-nnp,m63,m29,0.15,40.85392,0.1756995,0.34 ,1.07 ,,,
pfkfb3-nnp,m63,m29,0.20 ,51.98854,0.1778197,0.34 ,1.07 ,,,
pfkfb3-nnp,m63,m29,0.25,63.07196,0.1784511,0.34 ,1.07 ,,,
pfkfb3-nnp,m63,m29,0.30 ,57.6768,0.2023447,0.34 ,1.07 ,,,
pfkfb3-nnp,m63,m29,0.35,49.6803,0.2203002,0.34 ,1.07 ,,,
pfkfb3-nnp,m63,m29,0.4,40.59155,0.2300266,0.34 ,1.07 ,,,
pfkfb3-nnp,m63,m29,0.45 ,30.74697,0.2370379,0.34 ,1.07 ,,,
pfkfb3-nnp,m63,m29,0.5,20.26103,0.24366,0.34 ,1.07 ,,,
pfkfb3-nnp,m35,m69,0,0,0,0.34 ,1.85 ,,,
pfkfb3-nnp,m35,m69,0.05,15.83531,0.13521,0.34 ,1.85 ,,,
pfkfb3-nnp,m35,m69,0.10 ,28.26568,0.1735283,0.34 ,1.85 ,,,
pfkfb3-nnp,m35,m69,0.15,39.53699,0.1824593,0.34 ,1.85 ,,,
pfkfb3-nnp,m35,m69,0.20 ,50.62812,0.1840084,0.34 ,1.85 ,,,
pfkfb3-nnp,m35,m69,0.25,61.68199,0.1844898,0.34 ,1.85 ,,,
pfkfb3-nnp,m35,m69,0.30 ,55.03384,0.2071961,0.34 ,1.85 ,,,
pfkfb3-nnp,m35,m69,0.35,45.91959,0.2225712,0.34 ,1.85 ,,,
pfkfb3-nnp,m35,m69,0.40 ,35.92644,0.2299461,0.34 ,1.85 ,,,
pfkfb3-nnp,m35,m69,0.45,25.40926,0.2347362,0.34 ,1.85 ,,,
pfkfb3-nnp,m35,m69,0.50 ,14.52261,0.2388259,0.34 ,1.85 ,,,
pfkfb3-nnp,m69,m35,0,0,0,0.34 ,1.85 ,,,
pfkfb3-nnp,m69,m35,0.05 ,16.24055,0.1394874,0.34 ,1.85 ,,,
pfkfb3-nnp,m69,m35,0.10 ,28.71842,0.1774357,0.34 ,1.85 ,,,
pfkfb3-nnp,m69,m35,0.15,39.99477,0.1871486,0.34 ,1.85 ,,,
pfkfb3-nnp,m69,m35,0.20 ,51.08294,0.1886373,0.34 ,1.85 ,,,
pfkfb3-nnp,m69,m35,0.25,62.13736,0.1890502,0.34 ,1.85 ,,,
pfkfb3-nnp,m69,m35,0.30 ,55.64717,0.2086018,0.34 ,1.85 ,,,
pfkfb3-nnp,m69,m35,0.35,46.72105,0.2244777,0.34 ,1.85 ,,,
pfkfb3-nnp,m69,m35,0.40 ,36.86045,0.232004,0.34 ,1.85 ,,,
pfkfb3-nnp,m69,m35,0.45,26.50958,0.2362827,0.34 ,1.85 ,,,
pfkfb3-nnp,m69,m35,0.50 ,15.7951,0.240237,0.34 ,1.85 ,,,
pfkfb3-nnp,m65,m20,0,0,0,0.35 ,1.32 ,,,
pfkfb3-nnp,m65,m20,0.05,16.21492,0.106319,0.35 ,1.32 ,,,
pfkfb3-nnp,m65,m20,0.10 ,29.95634,0.1388832,0.35 ,1.32 ,,,
pfkfb3-nnp,m65,m20,0.15,42.28433,0.1620022,0.35 ,1.32 ,,,
pfkfb3-nnp,m65,m20,0.20 ,53.59855,0.172321,0.35 ,1.32 ,,,
pfkfb3-nnp,m65,m20,0.25,64.71128,0.1738739,0.35 ,1.32 ,,,
pfkfb3-nnp,m65,m20,0.30 ,59.69704,0.1995987,0.35 ,1.32 ,,,
pfkfb3-nnp,m65,m20,0.35,51.77431,0.2214489,0.35 ,1.32 ,,,
pfkfb3-nnp,m65,m20,0.40 ,42.54462,0.2324574,0.35 ,1.32 ,,,
pfkfb3-nnp,m65,m20,0.45,32.52047,0.2397945,0.35 ,1.32 ,,,
pfkfb3-nnp,m65,m20,0.50 ,21.90446,0.2458548,0.35 ,1.32 ,,,
pfkfb3-nnp,m20,m65,0,0,0,0.35 ,1.32 ,,,
pfkfb3-nnp,m20,m65,0.05 ,16.37941,0.1090137,0.35 ,1.32 ,,,
pfkfb3-nnp,m20,m65,0.10 ,30.20385,0.1432011,0.35 ,1.32 ,,,
pfkfb3-nnp,m20,m65,0.15,42.56312,0.1655602,0.35 ,1.32 ,,,
pfkfb3-nnp,m20,m65,0.20 ,53.93396,0.1761324,0.35 ,1.32 ,,,
pfkfb3-nnp,m20,m65,0.25,65.07524,0.1782641,0.35 ,1.32 ,,,
pfkfb3-nnp,m20,m65,0.30 ,60.0293,0.208672,0.35 ,1.32 ,,,
pfkfb3-nnp,m20,m65,0.35,51.9071,0.2304377,0.35 ,1.32 ,,,
pfkfb3-nnp,m20,m65,0.40 ,42.51732,0.2402528,0.35 ,1.32 ,,,
pfkfb3-nnp,m20,m65,0.45,32.35374,0.247142,0.35 ,1.32 ,,,
pfkfb3-nnp,m20,m65,0.50 ,21.5506,0.253401,0.35 ,1.32 ,,,
pfkfb3-nnp,m48,m20,0.00 ,0,0,0.35 ,1.43 ,,,
pfkfb3-nnp,m48,m20,0.05,16.15559,0.1179218,0.35 ,1.43 ,,,
pfkfb3-nnp,m48,m20,0.10 ,29.41626,0.1551567,0.35 ,1.43 ,,,
pfkfb3-nnp,m48,m20,0.15,41.10982,0.1733609,0.35 ,1.43 ,,,
pfkfb3-nnp,m48,m20,0.2,52.29975,0.1775105,0.35 ,1.43 ,,,
pfkfb3-nnp,m48,m20,0.25 ,63.39233,0.178568,0.35 ,1.43 ,,,
pfkfb3-nnp,m48,m20,0.3,57.65754,0.2049607,0.35 ,1.43 ,,,
pfkfb3-nnp,m48,m20,0.35 ,49.14764,0.2239913,0.35 ,1.43 ,,,
pfkfb3-nnp,m48,m20,0.4,39.50679,0.2330364,0.35 ,1.43 ,,,
pfkfb3-nnp,m48,m20,0.45 ,29.21889,0.2389062,0.35 ,1.43 ,,,
pfkfb3-nnp,m48,m20,0.5,18.42517,0.2442346,0.35 ,1.43 ,,,
pfkfb3-nnp,m20,m48,0.00 ,0,0,0.35 ,1.43 ,,,
pfkfb3-nnp,m20,m48,0.05,15.88994,0.1085842,0.35 ,1.43 ,,,
pfkfb3-nnp,m20,m48,0.10 ,29.42294,0.1414241,0.35 ,1.43 ,,,
pfkfb3-nnp,m20,m48,0.15,41.34742,0.1668332,0.35 ,1.43 ,,,
pfkfb3-nnp,m20,m48,0.20 ,52.55859,0.1729309,0.35 ,1.43 ,,,
pfkfb3-nnp,m20,m48,0.25 ,63.65593,0.1740832,0.35 ,1.43 ,,,
pfkfb3-nnp,m20,m48,0.3,58.2228,0.2032504,0.35 ,1.43 ,,,
pfkfb3-nnp,m20,m48,0.35 ,49.82833,0.223796,0.35 ,1.43 ,,,
pfkfb3-nnp,m20,m48,0.4,40.2893,0.2330427,0.35 ,1.43 ,,,
pfkfb3-nnp,m20,m48,0.45 ,30.07528,0.2394183,0.35 ,1.43 ,,,
pfkfb3-nnp,m20,m48,0.5,19.34072,0.2448944,0.35 ,1.43 ,,,
pfkfb3-nnp,m38,m41,0.00 ,0,0,0.36 ,1.48 ,,,
pfkfb3-nnp,m38,m41,0.05,16.57382,0.1031394,0.36 ,1.48 ,,,
pfkfb3-nnp,m38,m41,0.10 ,30.6183,0.1384712,0.36 ,1.48 ,,,
pfkfb3-nnp,m38,m41,0.15,43.29884,0.1587323,0.36 ,1.48 ,,,
pfkfb3-nnp,m38,m41,0.2,54.85211,0.1730957,0.36 ,1.48 ,,,
pfkfb3-nnp,m38,m41,0.25 ,66.03094,0.176518,0.36 ,1.48 ,,,
pfkfb3-nnp,m38,m41,0.3,61.43558,0.202389,0.36 ,1.48 ,,,
pfkfb3-nnp,m38,m41,0.35 ,53.87385,0.2283979,0.36 ,1.48 ,,,
pfkfb3-nnp,m38,m41,0.4,44.78983,0.2397599,0.36 ,1.48 ,,,
pfkfb3-nnp,m38,m41,0.45 ,34.9329,0.2462421,0.36 ,1.48 ,,,
pfkfb3-nnp,m38,m41,0.5,24.47514,0.2523851,0.36 ,1.48 ,,,
pfkfb3-nnp,m41,m38,0.00 ,0,0,0.36 ,1.48 ,,,
pfkfb3-nnp,m41,m38,0.05,17.84306,0.06576208,0.36 ,1.48 ,,,
pfkfb3-nnp,m41,m38,0.10 ,32.65634,0.1366122,0.36 ,1.48 ,,,
pfkfb3-nnp,m41,m38,0.15,45.54847,0.1620278,0.36 ,1.48 ,,,
pfkfb3-nnp,m41,m38,0.20 ,57.08952,0.1791219,0.36 ,1.48 ,,,
pfkfb3-nnp,m41,m38,0.25 ,68.23415,0.1820931,0.36 ,1.48 ,,,
pfkfb3-nnp,m41,m38,0.3,63.19354,0.2105542,0.36 ,1.48 ,,,
pfkfb3-nnp,m41,m38,0.35 ,55.07991,0.2327549,0.36 ,1.48 ,,,
pfkfb3-nnp,m41,m38,0.4,45.59533,0.2431375,0.36 ,1.48 ,,,
pfkfb3-nnp,m41,m38,0.45 ,35.31323,0.2502061,0.36 ,1.48 ,,,
pfkfb3-nnp,m41,m38,0.5,24.36419,0.2568135,0.36 ,1.48 ,,,
pfkfb3-nnp,m29,m70,0.00 ,0,0,0.35 ,1.99 ,,,
pfkfb3-nnp,m29,m70,0.05,16.3148,0.1370965,0.35 ,1.99 ,,,
pfkfb3-nnp,m29,m70,0.10 ,29.23796,0.1701176,0.35 ,1.99 ,,,
pfkfb3-nnp,m29,m70,0.15,40.75966,0.1856901,0.35 ,1.99 ,,,
pfkfb3-nnp,m29,m70,0.2,51.90246,0.188685,0.35 ,1.99 ,,,
pfkfb3-nnp,m29,m70,0.25 ,62.97883,0.1894239,0.35 ,1.99 ,,,
pfkfb3-nnp,m29,m70,0.3,56.94812,0.2124394,0.35 ,1.99 ,,,
pfkfb3-nnp,m29,m70,0.35 ,48.24001,0.2298106,0.35 ,1.99 ,,,
pfkfb3-nnp,m29,m70,0.4,38.40439,0.2389005,0.35 ,1.99 ,,,
pfkfb3-nnp,m29,m70,0.45 ,27.85945,0.2451563,0.35 ,1.99 ,,,
pfkfb3-nnp,m29,m70,0.5,16.75014,0.251102,0.35 ,1.99 ,,,
pfkfb3-nnp,m70,m29,0.00 ,0,0,0.35 ,1.99 ,,,
pfkfb3-nnp,m70,m29,0.05,15.18171,0.1466302,0.35 ,1.99 ,,,
pfkfb3-nnp,m70,m29,0.10 ,27.52913,0.1747453,0.35 ,1.99 ,,,
pfkfb3-nnp,m70,m29,0.15,38.9124,0.1836998,0.35 ,1.99 ,,,
pfkfb3-nnp,m70,m29,0.20 ,50.05701,0.1858553,0.35 ,1.99 ,,,
pfkfb3-nnp,m70,m29,0.25 ,61.14304,0.1865675,0.35 ,1.99 ,,,
pfkfb3-nnp,m70,m29,0.3,55.7376,0.2064239,0.35 ,1.99 ,,,
pfkfb3-nnp,m70,m29,0.35 ,47.65565,0.2268348,0.35 ,1.99 ,,,
pfkfb3-nnp,m70,m29,0.4,38.39594,0.2358807,0.35 ,1.99 ,,,
pfkfb3-nnp,m70,m29,0.45 ,28.49572,0.2417828,0.35 ,1.99 ,,,
pfkfb3-nnp,m70,m29,0.5,18.07568,0.2471911,0.35 ,1.99 ,,,
pfkfb3-nnp,m30,m56,0.00 ,0,0,0.37 ,0.76 ,,,
pfkfb3-nnp,m30,m56,0.05,17.05266,0.1016297,0.37 ,0.76 ,,,
pfkfb3-nnp,m30,m56,0.10 ,31.18011,0.1393934,0.37 ,0.76 ,,,
pfkfb3-nnp,m30,m56,0.15,44.30545,0.1511306,0.37 ,0.76 ,,,
pfkfb3-nnp,m30,m56,0.2,56.58358,0.165426,0.37 ,0.76 ,,,
pfkfb3-nnp,m30,m56,0.25,68.06708,0.1759295,0.37 ,0.76 ,,,
pfkfb3-nnp,m30,m56,0.30 ,64.85717,0.1954734,0.37 ,0.76 ,,,
pfkfb3-nnp,m30,m56,0.35,58.83139,0.2263997,0.37 ,0.76 ,,,
pfkfb3-nnp,m30,m56,0.40 ,50.56312,0.2450332,0.37 ,0.76 ,,,
pfkfb3-nnp,m30,m56,0.45,41.00148,0.2551444,0.37 ,0.76 ,,,
pfkfb3-nnp,m30,m56,0.50 ,30.49935,0.2640571,0.37 ,0.76 ,,,
pfkfb3-nnp,m56,m30,0,0,0,0.37 ,0.76 ,,,
pfkfb3-nnp,m56,m30,0.05 ,16.3053,0.1006764,0.37 ,0.76 ,,,
pfkfb3-nnp,m56,m30,0.1,30.34136,0.133302,0.37 ,0.76 ,,,
pfkfb3-nnp,m56,m30,0.15 ,43.38955,0.1466591,0.37 ,0.76 ,,,
pfkfb3-nnp,m56,m30,0.2,55.47372,0.1635147,0.37 ,0.76 ,,,
pfkfb3-nnp,m56,m30,0.25 ,66.81607,0.1724666,0.37 ,0.76 ,,,
pfkfb3-nnp,m56,m30,0.30 ,63.20227,0.1922813,0.37 ,0.76 ,,,
pfkfb3-nnp,m56,m30,0.35,56.76939,0.2240049,0.37 ,0.76 ,,,
pfkfb3-nnp,m56,m30,0.40 ,48.42546,0.2390491,0.37 ,0.76 ,,,
pfkfb3-nnp,m56,m30,0.45,38.90375,0.249748,0.37 ,0.76 ,,,
pfkfb3-nnp,m56,m30,0.50 ,28.3706,0.2593222,0.37 ,0.76 ,,,
pfkfb3-nnp,m65,m64,0,0,0,0.35 ,0.99 ,,,
pfkfb3-nnp,m65,m64,0.05 ,15.74732,0.1227849,0.35 ,0.99 ,,,
pfkfb3-nnp,m65,m64,0.1,28.81688,0.153908,0.35 ,0.99 ,,,
pfkfb3-nnp,m65,m64,0.15 ,40.43245,0.17196,0.35 ,0.99 ,,,
pfkfb3-nnp,m65,m64,0.2,51.57899,0.1756158,0.35 ,0.99 ,,,
pfkfb3-nnp,m65,m64,0.25,62.65124,0.1763806,0.35 ,0.99 ,,,
pfkfb3-nnp,m65,m64,0.30 ,56.75697,0.2002845,0.35 ,0.99 ,,,
pfkfb3-nnp,m65,m64,0.35,48.10441,0.2205471,0.35 ,0.99 ,,,
pfkfb3-nnp,m65,m64,0.40 ,38.39423,0.2289921,0.35 ,0.99 ,,,
pfkfb3-nnp,m65,m64,0.45,28.0735,0.2347015,0.35 ,0.99 ,,,
pfkfb3-nnp,m65,m64,0.50 ,17.25998,0.2401038,0.35 ,0.99 ,,,
pfkfb3-nnp,m64,m65,0,0,0,0.35 ,0.99 ,,,
pfkfb3-nnp,m64,m65,0.05 ,15.68929,0.1507736,0.35 ,0.99 ,,,
pfkfb3-nnp,m64,m65,0.1,28.0913,0.1822204,0.35 ,0.99 ,,,
pfkfb3-nnp,m64,m65,0.15 ,39.40398,0.1907034,0.35 ,0.99 ,,,
pfkfb3-nnp,m64,m65,0.2,50.51837,0.1922721,0.35 ,0.99 ,,,
pfkfb3-nnp,m64,m65,0.25 ,61.58952,0.1928096,0.35 ,0.99 ,,,
pfkfb3-nnp,m64,m65,0.30 ,55.5552,0.2157479,0.35 ,0.99 ,,,
pfkfb3-nnp,m64,m65,0.35,46.8981,0.2320037,0.35 ,0.99 ,,,
pfkfb3-nnp,m64,m65,0.40 ,37.25554,0.2399914,0.35 ,0.99 ,,,
pfkfb3-nnp,m64,m65,0.45,27.01972,0.245125,0.35 ,0.99 ,,,
pfkfb3-nnp,m64,m65,0.50 ,16.34046,0.249709,0.35 ,0.99 ,,,
pfkfb3-nnp,m20,m42,0,0,0,0.34 ,0.38 ,,,
pfkfb3-nnp,m20,m42,0.05 ,16.05803,0.116596,0.34 ,0.38 ,,,
pfkfb3-nnp,m20,m42,0.1,29.03355,0.1580572,0.34 ,0.38 ,,,
pfkfb3-nnp,m20,m42,0.15 ,40.4748,0.1729105,0.34 ,0.38 ,,,
pfkfb3-nnp,m20,m42,0.2,51.59673,0.1752585,0.34 ,0.38 ,,,
pfkfb3-nnp,m20,m42,0.25,62.66635,0.1758363,0.34 ,0.38 ,,,
pfkfb3-nnp,m20,m42,0.30 ,56.50591,0.2050397,0.34 ,0.38 ,,,
pfkfb3-nnp,m20,m42,0.35,47.46363,0.2232423,0.34 ,0.38 ,,,
pfkfb3-nnp,m20,m42,0.40 ,37.43853,0.2306855,0.34 ,0.38 ,,,
pfkfb3-nnp,m20,m42,0.45,26.93019,0.2350498,0.34 ,0.38 ,,,
pfkfb3-nnp,m20,m42,0.50 ,16.07395,0.2389329,0.34 ,0.38 ,,,
pfkfb3-nnp,m42,m20,0,0,0,0.34 ,0.38 ,,,
pfkfb3-nnp,m42,m20,0.05 ,15.67351,0.1270459,0.34 ,0.38 ,,,
pfkfb3-nnp,m42,m20,0.1,28.31119,0.164218,0.34 ,0.38 ,,,
pfkfb3-nnp,m42,m20,0.15 ,39.66674,0.1757011,0.34 ,0.38 ,,,
pfkfb3-nnp,m42,m20,0.2,50.77786,0.1776537,0.34 ,0.38 ,,,
pfkfb3-nnp,m42,m20,0.25 ,61.84303,0.1782032,0.34 ,0.38 ,,,
pfkfb3-nnp,m42,m20,0.30 ,55.57022,0.205197,0.34 ,0.38 ,,,
pfkfb3-nnp,m42,m20,0.35,46.65601,0.2215702,0.34 ,0.38 ,,,
pfkfb3-nnp,m42,m20,0.40 ,36.83403,0.2289509,0.34 ,0.38 ,,,
pfkfb3-nnp,m42,m20,0.45,26.48467,0.2340105,0.34 ,0.38 ,,,
pfkfb3-nnp,m42,m20,0.50 ,15.74001,0.2384833,0.34 ,0.38 ,,,
pfkfb3-nnp,m24,m34,0,0,0,0.36 ,1.52 ,,,
pfkfb3-nnp,m24,m34,0.05 ,16.20208,0.1298032,0.36 ,1.52 ,,,
pfkfb3-nnp,m24,m34,0.1,29.02989,0.1662426,0.36 ,1.52 ,,,
pfkfb3-nnp,m24,m34,0.15 ,40.57182,0.178146,0.36 ,1.52 ,,,
pfkfb3-nnp,m24,m34,0.2,51.77705,0.1812352,0.36 ,1.52 ,,,
pfkfb3-nnp,m24,m34,0.25,62.89614,0.1823022,0.36 ,1.52 ,,,
pfkfb3-nnp,m24,m34,0.30 ,58.23593,0.204023,0.36 ,1.52 ,,,
pfkfb3-nnp,m24,m34,0.35,50.72015,0.2264279,0.36 ,1.52 ,,,
pfkfb3-nnp,m24,m34,0.40 ,41.65659,0.2399859,0.36 ,1.52 ,,,
pfkfb3-nnp,m24,m34,0.45,31.53247,0.2493623,0.36 ,1.52 ,,,
pfkfb3-nnp,m24,m34,0.50 ,20.62343,0.2568078,0.36 ,1.52 ,,,
pfkfb3-nnp,m34,m24,0,0,0,0.36 ,1.52 ,,,
pfkfb3-nnp,m34,m24,0.05 ,15.16507,0.1562666,0.36 ,1.52 ,,,
pfkfb3-nnp,m34,m24,0.1,27.72758,0.1781884,0.36 ,1.52 ,,,
pfkfb3-nnp,m34,m24,0.15 ,39.2988,0.1886337,0.36 ,1.52 ,,,
pfkfb3-nnp,m34,m24,0.2,50.50616,0.1917814,0.36 ,1.52 ,,,
pfkfb3-nnp,m34,m24,0.25 ,61.6222,0.1927729,0.36 ,1.52 ,,,
pfkfb3-nnp,m34,m24,0.30 ,57.04527,0.2091591,0.36 ,1.52 ,,,
pfkfb3-nnp,m34,m24,0.35,49.81315,0.2317221,0.36 ,1.52 ,,,
pfkfb3-nnp,m34,m24,0.40 ,41.09606,0.2433333,0.36 ,1.52 ,,,
pfkfb3-nnp,m34,m24,0.45,31.45014,0.2516045,0.36 ,1.52 ,,,
pfkfb3-nnp,m34,m24,0.50 ,21.04194,0.259065,0.36 ,1.52 ,,,
pfkfb3-nnp,m58,m63,0,0,0,0.33 ,1.04 ,,,
pfkfb3-nnp,m58,m63,0.05 ,15.65315,0.1033388,0.33 ,1.04 ,,,
pfkfb3-nnp,m58,m63,0.1,28.68145,0.1434007,0.33 ,1.04 ,,,
pfkfb3-nnp,m58,m63,0.15 ,40.19541,0.1617367,0.33 ,1.04 ,,,
pfkfb3-nnp,m58,m63,0.2,51.32422,0.164747,0.33 ,1.04 ,,,
pfkfb3-nnp,m58,m63,0.25,62.39238,0.1654594,0.33 ,1.04 ,,,
pfkfb3-nnp,m58,m63,0.30 ,56.02169,0.187736,0.33 ,1.04 ,,,
pfkfb3-nnp,m58,m63,0.35,47.18347,0.2058983,0.33 ,1.04 ,,,
pfkfb3-nnp,m58,m63,0.40 ,37.37766,0.2147702,0.33 ,1.04 ,,,
pfkfb3-nnp,m58,m63,0.45,27.00873,0.2204116,0.33 ,1.04 ,,,
pfkfb3-nnp,m58,m63,0.50 ,16.21282,0.225392,0.33 ,1.04 ,,,
pfkfb3-nnp,m63,m58,0,0,0,0.33 ,1.04 ,,,
pfkfb3-nnp,m63,m58,0.05 ,15.7781,0.1296262,0.33 ,1.04 ,,,
pfkfb3-nnp,m63,m58,0.1,28.85705,0.1610706,0.33 ,1.04 ,,,
pfkfb3-nnp,m63,m58,0.15 ,40.46998,0.1786164,0.33 ,1.04 ,,,
pfkfb3-nnp,m63,m58,0.2,51.61275,0.181945,0.33 ,1.04 ,,,
pfkfb3-nnp,m63,m58,0.25 ,62.68259,0.1826556,0.33 ,1.04 ,,,
pfkfb3-nnp,m63,m58,0.30 ,56.15247,0.2058222,0.33 ,1.04 ,,,
pfkfb3-nnp,m63,m58,0.35,47.08084,0.2227648,0.33 ,1.04 ,,,
pfkfb3-nnp,m63,m58,0.40 ,37.11384,0.2298515,0.33 ,1.04 ,,,
pfkfb3-nnp,m63,m58,0.45,26.64887,0.2344582,0.33 ,1.04 ,,,
pfkfb3-nnp,m63,m58,0.50 ,15.74695,0.2393659,0.33 ,1.04 ,,,
BACE,17i,17a,0,0,0,0.793726,1.577446,,,
BACE,17i,17a,0.05,16.39505,0.3475094,0.793726,1.577446,,,
BACE,17i,17a,0.1,29.01732,0.4135088,0.793726,1.577446,,,
BACE,17i,17a,0.15,40.42528,0.4394062,0.793726,1.577446,,,
BACE,17i,17a,0.2,51.55475,0.4440887,0.793726,1.577446,,,
BACE,17i,17a,0.25,62.63591,0.4452675,0.793726,1.577446,,,
BACE,17i,17a,0.3,56.77367,0.514762,0.793726,1.577446,,,
BACE,17i,17a,0.35,47.93975,0.5509325,0.793726,1.577446,,,
BACE,17i,17a,0.4,38.15201,0.5675232,0.793726,1.577446,,,
BACE,17i,17a,0.45,27.73196,0.5791244,0.793726,1.577446,,,
BACE,17i,17a,0.5,16.71803,0.5917159,0.793726,1.577446,,,
BACE,17a,17i,0,0,0,0.793726,1.577446,,,
BACE,17a,17i,0.05,16.07131,0.2856741,0.793726,1.577446,,,
BACE,17a,17i,0.1,28.44477,0.3631901,0.793726,1.577446,,,
BACE,17a,17i,0.15,39.81457,0.3839668,0.793726,1.577446,,,
BACE,17a,17i,0.2,50.95998,0.3890196,0.793726,1.577446,,,
BACE,17a,17i,0.25,62.04997,0.3907304,0.793726,1.577446,,,
BACE,17a,17i,0.3,55.89284,0.4456874,0.793726,1.577446,,,
BACE,17a,17i,0.35,47.34878,0.4787245,0.793726,1.577446,,,
BACE,17a,17i,0.4,37.87277,0.5004112,0.793726,1.577446,,,
BACE,17a,17i,0.45,27.72642,0.5155578,0.793726,1.577446,,,
BACE,17a,17i,0.5,17.03547,0.5290299,0.793726,1.577446,,,
BACE,17c,17e,0,0,0,0.811476,0.911386,,,
BACE,17c,17e,0.05,18.01209,0.1673804,0.811476,0.911386,,,
BACE,17c,17e,0.1,32.60284,0.3227598,0.811476,0.911386,,,
BACE,17c,17e,0.15,45.04898,0.3803485,0.811476,0.911386,,,
BACE,17c,17e,0.2,56.43336,0.4051366,0.811476,0.911386,,,
BACE,17c,17e,0.25,67.56498,0.410282,0.811476,0.911386,,,
BACE,17c,17e,0.3,62.81973,0.4515211,0.811476,0.911386,,,
BACE,17c,17e,0.35,55.35144,0.5115804,0.811476,0.911386,,,
BACE,17c,17e,0.4,46.38784,0.535678,0.811476,0.911386,,,
BACE,17c,17e,0.45,36.44364,0.5572108,0.811476,0.911386,,,
BACE,17c,17e,0.5,25.73063,0.5736254,0.811476,0.911386,,,
BACE,17e,17c,0,0,0,0.811476,0.911386,,,
BACE,17e,17c,0.05,17.52433,0.2017949,0.811476,0.911386,,,
BACE,17e,17c,0.1,31.75947,0.3095605,0.811476,0.911386,,,
BACE,17e,17c,0.15,44.02732,0.374449,0.811476,0.911386,,,
BACE,17e,17c,0.2,55.36335,0.3915843,0.811476,0.911386,,,
BACE,17e,17c,0.25,66.52047,0.3955136,0.811476,0.911386,,,
BACE,17e,17c,0.3,62.51578,0.4387404,0.811476,0.911386,,,
BACE,17e,17c,0.35,55.53873,0.503214,0.811476,0.911386,,,
BACE,17e,17c,0.4,46.84489,0.532934,0.811476,0.911386,,,
BACE,17e,17c,0.45,37.07363,0.5567574,0.811476,0.911386,,,
BACE,17e,17c,0.5,26.48201,0.5739746,0.811476,0.911386,,,
BACE,4m,13k,0,0,0,0.830119,0.293979,,,
BACE,4m,13k,0.05,18.14747,0.1326162,0.830119,0.293979,,,
BACE,4m,13k,0.1,33.00593,0.3236185,0.830119,0.293979,,,
BACE,4m,13k,0.15,45.3573,0.3935575,0.830119,0.293979,,,
BACE,4m,13k,0.2,56.63793,0.4132326,0.830119,0.293979,,,
BACE,4m,13k,0.25,67.74433,0.4163923,0.830119,0.293979,,,
BACE,4m,13k,0.3,63.10303,0.4534829,0.830119,0.293979,,,
BACE,4m,13k,0.35,56.05997,0.5051847,0.830119,0.293979,,,
BACE,4m,13k,0.4,47.28291,0.5358496,0.830119,0.293979,,,
BACE,4m,13k,0.45,37.43534,0.5558913,0.830119,0.293979,,,
BACE,4m,13k,0.5,26.75119,0.5743959,0.830119,0.293979,,,
BACE,13k,4m,0,0,0,0.830119,0.293979,,,
BACE,13k,4m,0.05,18.24306,0.1287074,0.830119,0.293979,,,
BACE,13k,4m,0.1,33.05151,0.3458822,0.830119,0.293979,,,
BACE,13k,4m,0.15,45.67774,0.3935687,0.830119,0.293979,,,
BACE,13k,4m,0.2,57.14108,0.4195383,0.830119,0.293979,,,
BACE,13k,4m,0.25,68.3071,0.4245936,0.830119,0.293979,,,
BACE,13k,4m,0.3,63.65559,0.4987543,0.830119,0.293979,,,
BACE,13k,4m,0.35,55.94965,0.5425524,0.830119,0.293979,,,
BACE,13k,4m,0.4,46.96869,0.5652789,0.830119,0.293979,,,
BACE,13k,4m,0.45,37.1162,0.5830885,0.830119,0.293979,,,
BACE,13k,4m,0.5,26.49517,0.5993052,0.830119,0.293979,,,
BACE,13d,17h,0,0,0,0.740184,0.536718,,,
BACE,13d,17h,0.05,16.55044,0.2594906,0.740184,0.536718,,,
BACE,13d,17h,0.1,28.99232,0.3495398,0.740184,0.536718,,,
BACE,13d,17h,0.15,40.32007,0.3714825,0.740184,0.536718,,,
BACE,13d,17h,0.2,51.44741,0.3758779,0.740184,0.536718,,,
BACE,13d,17h,0.25,62.53001,0.3773359,0.740184,0.536718,,,
BACE,13d,17h,0.3,56.93089,0.4194088,0.740184,0.536718,,,
BACE,13d,17h,0.35,48.62013,0.4710566,0.740184,0.536718,,,
BACE,13d,17h,0.4,39.15465,0.4912758,0.740184,0.536718,,,
BACE,13d,17h,0.45,29.12523,0.503824,0.740184,0.536718,,,
BACE,13d,17h,0.5,18.56824,0.5180729,0.740184,0.536718,,,
BACE,17h,13d,0,0,0,0.740184,0.536718,,,
BACE,17h,13d,0.05,17.16992,0.2333613,0.740184,0.536718,,,
BACE,17h,13d,0.1,29.64751,0.3633252,0.740184,0.536718,,,
BACE,17h,13d,0.15,40.87444,0.3815885,0.740184,0.536718,,,
BACE,17h,13d,0.2,51.96381,0.3847966,0.740184,0.536718,,,
BACE,17h,13d,0.25,63.02314,0.3857736,0.740184,0.536718,,,
BACE,17h,13d,0.3,57.11815,0.443509,0.740184,0.536718,,,
BACE,17h,13d,0.35,48.61553,0.4804024,0.740184,0.536718,,,
BACE,17h,13d,0.4,39.11093,0.501115,0.740184,0.536718,,,
BACE,17h,13d,0.45,28.90582,0.5156243,0.740184,0.536718,,,
BACE,17h,13d,0.5,18.17152,0.5286517,0.740184,0.536718,,,
BACE,17g,17c,0,0,0,0.777357,0.343722,,,
BACE,17g,17c,0.05,16.446,0.2842084,0.777357,0.343722,,,
BACE,17g,17c,0.1,28.804,0.3808013,0.777357,0.343722,,,
BACE,17g,17c,0.15,40.05931,0.3964177,0.777357,0.343722,,,
BACE,17g,17c,0.2,51.16374,0.399742,0.777357,0.343722,,,
BACE,17g,17c,0.25,62.23037,0.4009298,0.777357,0.343722,,,
BACE,17g,17c,0.3,56.33234,0.4450903,0.777357,0.343722,,,
BACE,17g,17c,0.35,48.03595,0.4833951,0.777357,0.343722,,,
BACE,17g,17c,0.4,38.71227,0.5039938,0.777357,0.343722,,,
BACE,17g,17c,0.45,28.68927,0.5198067,0.777357,0.343722,,,
BACE,17g,17c,0.5,18.07901,0.5346911,0.777357,0.343722,,,
BACE,17c,17g,0,0,0,0.777357,0.343722,,,
BACE,17c,17g,0.05,15.76111,0.412072,0.777357,0.343722,,,
BACE,17c,17g,0.1,27.96433,0.4646318,0.777357,0.343722,,,
BACE,17c,17g,0.15,39.30241,0.4781078,0.777357,0.343722,,,
BACE,17c,17g,0.2,50.44349,0.4819413,0.777357,0.343722,,,
BACE,17c,17g,0.25,61.5285,0.483428,0.777357,0.343722,,,
BACE,17c,17g,0.3,56.16877,0.5232491,0.777357,0.343722,,,
BACE,17c,17g,0.35,47.80811,0.5700908,0.777357,0.343722,,,
BACE,17c,17g,0.4,38.27397,0.5844128,0.777357,0.343722,,,
BACE,17c,17g,0.45,28.1241,0.5961251,0.777357,0.343722,,,
BACE,17c,17g,0.5,17.41801,0.6078924,0.777357,0.343722,,,
BACE,13k,4b,0,0,0,0.772508,0.651953,,,
BACE,13k,4b,0.05,16.80162,0.2547239,0.772508,0.651953,,,
BACE,13k,4b,0.1,30.31092,0.349021,0.772508,0.651953,,,
BACE,13k,4b,0.15,41.94333,0.3894654,0.772508,0.651953,,,
BACE,13k,4b,0.2,53.1291,0.3963641,0.772508,0.651953,,,
BACE,13k,4b,0.25,64.23392,0.398589,0.772508,0.651953,,,
BACE,13k,4b,0.3,59.08187,0.4409848,0.772508,0.651953,,,
BACE,13k,4b,0.35,51.28324,0.490847,0.772508,0.651953,,,
BACE,13k,4b,0.4,41.92679,0.5223447,0.772508,0.651953,,,
BACE,13k,4b,0.45,31.68912,0.5392519,0.772508,0.651953,,,
BACE,13k,4b,0.5,20.92515,0.5505511,0.772508,0.651953,,,
BACE,4b,13k,0,0,0,0.772508,0.651953,,,
BACE,4b,13k,0.05,17.19421,0.2322308,0.772508,0.651953,,,
BACE,4b,13k,0.1,30.32779,0.3479701,0.772508,0.651953,,,
BACE,4b,13k,0.15,41.91899,0.3773632,0.772508,0.651953,,,
BACE,4b,13k,0.2,53.14072,0.3859086,0.772508,0.651953,,,
BACE,4b,13k,0.25,64.26216,0.3888091,0.772508,0.651953,,,
BACE,4b,13k,0.3,59.04757,0.4425366,0.772508,0.651953,,,
BACE,4b,13k,0.35,51.0235,0.4894851,0.772508,0.651953,,,
BACE,4b,13k,0.4,41.97282,0.5070504,0.772508,0.651953,,,
BACE,4b,13k,0.45,32.19568,0.5243707,0.772508,0.651953,,,
BACE,4b,13k,0.5,21.64711,0.5419063,0.772508,0.651953,,,
BACE,13k,4d,0,0,0,0.810406,1.820079,,,
BACE,13k,4d,0.05,18.44425,0.1023066,0.810406,1.820079,,,
BACE,13k,4d,0.1,32.93379,0.3524223,0.810406,1.820079,,,
BACE,13k,4d,0.15,44.87137,0.4002329,0.810406,1.820079,,,
BACE,13k,4d,0.2,56.09947,0.4112446,0.810406,1.820079,,,
BACE,13k,4d,0.25,67.2105,0.4135521,0.810406,1.820079,,,
BACE,13k,4d,0.3,62.58445,0.4585288,0.810406,1.820079,,,
BACE,13k,4d,0.35,55.20498,0.5161969,0.810406,1.820079,,,
BACE,13k,4d,0.4,46.19077,0.5468191,0.810406,1.820079,,,
BACE,13k,4d,0.45,36.17557,0.5660039,0.810406,1.820079,,,
BACE,13k,4d,0.5,25.43835,0.5800537,0.810406,1.820079,,,
BACE,4d,13k,0,0,0,0.810406,1.820079,,,
BACE,4d,13k,0.05,17.63057,0.1962798,0.810406,1.820079,,,
BACE,4d,13k,0.1,31.57786,0.3287088,0.810406,1.820079,,,
BACE,4d,13k,0.15,43.43813,0.3762346,0.810406,1.820079,,,
BACE,4d,13k,0.2,54.6875,0.3879863,0.810406,1.820079,,,
BACE,4d,13k,0.25,65.81661,0.390916,0.810406,1.820079,,,
BACE,4d,13k,0.3,61.14424,0.4648931,0.810406,1.820079,,,
BACE,4d,13k,0.35,53.38298,0.5080313,0.810406,1.820079,,,
BACE,4d,13k,0.4,44.5298,0.5296334,0.810406,1.820079,,,
BACE,4d,13k,0.45,34.73213,0.5515765,0.810406,1.820079,,,
BACE,4d,13k,0.5,24.20827,0.5659465,0.810406,1.820079,,,
BACE,17b,13d,0,0,0,0.78754,1.675827,,,
BACE,17b,13d,0.05,17.40366,0.2396985,0.78754,1.675827,,,
BACE,17b,13d,0.1,31.17366,0.3435382,0.78754,1.675827,,,
BACE,17b,13d,0.15,42.98307,0.3871872,0.78754,1.675827,,,
BACE,17b,13d,0.2,54.18003,0.3971682,0.78754,1.675827,,,
BACE,17b,13d,0.25,65.27473,0.3994791,0.78754,1.675827,,,
BACE,17b,13d,0.3,59.96454,0.4621591,0.78754,1.675827,,,
BACE,17b,13d,0.35,51.5553,0.5092752,0.78754,1.675827,,,
BACE,17b,13d,0.4,42.02685,0.5289909,0.78754,1.675827,,,
BACE,17b,13d,0.45,31.8617,0.5422192,0.78754,1.675827,,,
BACE,17b,13d,0.5,21.08483,0.5566446,0.78754,1.675827,,,
BACE,13d,17b,0,0,0,0.78754,1.675827,,,
BACE,13d,17b,0.05,17.64928,0.1862971,0.78754,1.675827,,,
BACE,13d,17b,0.1,32.14042,0.307929,0.78754,1.675827,,,
BACE,13d,17b,0.15,44.33647,0.3790416,0.78754,1.675827,,,
BACE,13d,17b,0.2,55.61252,0.3960681,0.78754,1.675827,,,
BACE,13d,17b,0.25,66.72964,0.3998608,0.78754,1.675827,,,
BACE,13d,17b,0.3,61.38845,0.4626455,0.78754,1.675827,,,
BACE,13d,17b,0.35,53.00696,0.5099547,0.78754,1.675827,,,
BACE,13d,17b,0.4,43.37534,0.5330806,0.78754,1.675827,,,
BACE,13d,17b,0.45,33.084,0.5453647,0.78754,1.675827,,,
BACE,13d,17b,0.5,22.31066,0.557105,0.78754,1.675827,,,
BACE,4m,4n,0,0,0,0.812707,1.35265,,,
BACE,4m,4n,0.05,18.45221,0.1345733,0.812707,1.35265,,,
BACE,4m,4n,0.1,33.44815,0.3440576,0.812707,1.35265,,,
BACE,4m,4n,0.15,45.33643,0.406119,0.812707,1.35265,,,
BACE,4m,4n,0.2,56.49804,0.4139141,0.812707,1.35265,,,
BACE,4m,4n,0.25,67.58097,0.4155193,0.812707,1.35265,,,
BACE,4m,4n,0.3,62.25879,0.4812645,0.812707,1.35265,,,
BACE,4m,4n,0.35,54.12667,0.5253808,0.812707,1.35265,,,
BACE,4m,4n,0.4,44.75291,0.548897,0.812707,1.35265,,,
BACE,4m,4n,0.45,34.65691,0.5607843,0.812707,1.35265,,,
BACE,4m,4n,0.5,23.97593,0.5743633,0.812707,1.35265,,,
BACE,4n,4m,0,0,0,0.812707,1.35265,,,
BACE,4n,4m,0.05,18.30507,0.1351699,0.812707,1.35265,,,
BACE,4n,4m,0.1,32.85774,0.3598386,0.812707,1.35265,,,
BACE,4n,4m,0.15,44.73764,0.4169011,0.812707,1.35265,,,
BACE,4n,4m,0.2,55.93241,0.427396,0.812707,1.35265,,,
BACE,4n,4m,0.25,67.01924,0.429652,0.812707,1.35265,,,
BACE,4n,4m,0.3,61.65339,0.4778718,0.812707,1.35265,,,
BACE,4n,4m,0.35,53.43442,0.5213398,0.812707,1.35265,,,
BACE,4n,4m,0.4,43.90375,0.545901,0.812707,1.35265,,,
BACE,4n,4m,0.45,33.60769,0.5598084,0.812707,1.35265,,,
BACE,4n,4m,0.5,22.68328,0.5749775,0.812707,1.35265,,,
BACE,17f,17e,0,0,0,0.80087,0.692188,,,
BACE,17f,17e,0.05,18.25661,0.1299551,0.80087,0.692188,,,
BACE,17f,17e,0.1,32.91323,0.3312344,0.80087,0.692188,,,
BACE,17f,17e,0.15,45.20451,0.3920547,0.80087,0.692188,,,
BACE,17f,17e,0.2,56.52207,0.4102821,0.80087,0.692188,,,
BACE,17f,17e,0.25,67.64414,0.4144145,0.80087,0.692188,,,
BACE,17f,17e,0.3,62.13179,0.4700443,0.80087,0.692188,,,
BACE,17f,17e,0.35,54.01624,0.5130767,0.80087,0.692188,,,
BACE,17f,17e,0.4,44.65691,0.5370128,0.80087,0.692188,,,
BACE,17f,17e,0.45,34.44439,0.5538935,0.80087,0.692188,,,
BACE,17f,17e,0.5,23.49659,0.5692734,0.80087,0.692188,,,
BACE,17e,17f,0,0,0,0.80087,0.692188,,,
BACE,17e,17f,0.05,16.73561,0.2419045,0.80087,0.692188,,,
BACE,17e,17f,0.1,30.4601,0.3326092,0.80087,0.692188,,,
BACE,17e,17f,0.15,42.56255,0.3786154,0.80087,0.692188,,,
BACE,17e,17f,0.2,53.88484,0.3959843,0.80087,0.692188,,,
BACE,17e,17f,0.25,65.02359,0.4000978,0.80087,0.692188,,,
BACE,17e,17f,0.3,60.20517,0.4536179,0.80087,0.692188,,,
BACE,17e,17f,0.35,52.70456,0.4975223,0.80087,0.692188,,,
BACE,17e,17f,0.4,43.97239,0.5219805,0.80087,0.692188,,,
BACE,17e,17f,0.45,34.17714,0.547185,0.80087,0.692188,,,
BACE,17e,17f,0.5,23.58878,0.5633121,0.80087,0.692188,,,
BACE,13g,17g,0,0,0,0.837385,0.439706,,,
BACE,13g,17g,0.05,16.10243,0.3917922,0.837385,0.439706,,,
BACE,13g,17g,0.1,29.42007,0.4386024,0.837385,0.439706,,,
BACE,13g,17g,0.15,41.46069,0.4706971,0.837385,0.439706,,,
BACE,13g,17g,0.2,52.77057,0.4836654,0.837385,0.439706,,,
BACE,13g,17g,0.25,63.90991,0.4866967,0.837385,0.439706,,,
BACE,13g,17g,0.3,59.24075,0.5341517,0.837385,0.439706,,,
BACE,13g,17g,0.35,51.52373,0.5823986,0.837385,0.439706,,,
BACE,13g,17g,0.4,42.49284,0.6031914,0.837385,0.439706,,,
BACE,13g,17g,0.45,32.68514,0.6177201,0.837385,0.439706,,,
BACE,13g,17g,0.5,22.25328,0.6307031,0.837385,0.439706,,,
BACE,17g,13g,0,0,0,0.837385,0.439706,,,
BACE,17g,13g,0.05,17.38593,0.2011798,0.837385,0.439706,,,
BACE,17g,13g,0.1,31.5324,0.3104088,0.837385,0.439706,,,
BACE,17g,13g,0.15,44.00288,0.3687813,0.837385,0.439706,,,
BACE,17g,13g,0.2,55.33177,0.398117,0.837385,0.439706,,,
BACE,17g,13g,0.25,66.43046,0.4022682,0.837385,0.439706,,,
BACE,17g,13g,0.3,60.79034,0.4569662,0.837385,0.439706,,,
BACE,17g,13g,0.35,52.36244,0.5029464,0.837385,0.439706,,,
BACE,17g,13g,0.4,42.65041,0.5252028,0.837385,0.439706,,,
BACE,17g,13g,0.45,32.1716,0.5391725,0.837385,0.439706,,,
BACE,17g,13g,0.5,21.16358,0.5508429,0.837385,0.439706,,,
BACE,4m,4j,0,0,0,0.804331,0.821539,,,
BACE,4m,4j,0.05,17.75241,0.1835599,0.804331,0.821539,,,
BACE,4m,4j,0.1,32.2364,0.3070859,0.804331,0.821539,,,
BACE,4m,4j,0.15,44.53066,0.3826498,0.804331,0.821539,,,
BACE,4m,4j,0.2,55.80036,0.3996657,0.804331,0.821539,,,
BACE,4m,4j,0.25,66.9246,0.4028539,0.804331,0.821539,,,
BACE,4m,4j,0.3,61.78772,0.4548278,0.804331,0.821539,,,
BACE,4m,4j,0.35,53.78317,0.4999808,0.804331,0.821539,,,
BACE,4m,4j,0.4,44.43535,0.5250887,0.804331,0.821539,,,
BACE,4m,4j,0.45,34.39792,0.538028,0.804331,0.821539,,,
BACE,4m,4j,0.5,23.92135,0.5487403,0.804331,0.821539,,,
BACE,4j,4m,0,0,0,0.804331,0.821539,,,
BACE,4j,4m,0.05,18.46078,0.1084549,0.804331,0.821539,,,
BACE,4j,4m,0.1,34.39549,0.3752646,0.804331,0.821539,,,
BACE,4j,4m,0.15,46.36175,0.4441414,0.804331,0.821539,,,
BACE,4j,4m,0.2,57.53871,0.4544241,0.804331,0.821539,,,
BACE,4j,4m,0.25,68.62055,0.4563701,0.804331,0.821539,,,
BACE,4j,4m,0.3,63.00675,0.5075731,0.804331,0.821539,,,
BACE,4j,4m,0.35,54.28859,0.5479022,0.804331,0.821539,,,
BACE,4j,4m,0.4,44.5305,0.5624565,0.804331,0.821539,,,
BACE,4j,4m,0.45,34.17133,0.5746404,0.804331,0.821539,,,
BACE,4j,4m,0.5,23.22981,0.5880753,0.804331,0.821539,,,
BACE,13a,17i,0,0,0,0.755785,0.444203,,,
BACE,13a,17i,0.05,17.56543,0.1944793,0.755785,0.444203,,,
BACE,13a,17i,0.1,30.36608,0.3196411,0.755785,0.444203,,,
BACE,13a,17i,0.15,41.79515,0.3506189,0.755785,0.444203,,,
BACE,13a,17i,0.2,52.94696,0.357226,0.755785,0.444203,,,
BACE,13a,17i,0.25,64.03521,0.3592812,0.755785,0.444203,,,
BACE,13a,17i,0.3,58.86632,0.4236014,0.755785,0.444203,,,
BACE,13a,17i,0.35,50.80285,0.4710379,0.755785,0.444203,,,
BACE,13a,17i,0.4,41.47199,0.4976133,0.755785,0.444203,,,
BACE,13a,17i,0.45,31.26726,0.517333,0.755785,0.444203,,,
BACE,13a,17i,0.5,20.41321,0.5324909,0.755785,0.444203,,,
BACE,17i,13a,0,0,0,0.755785,0.444203,,,
BACE,17i,13a,0.05,17.1227,0.2454013,0.755785,0.444203,,,
BACE,17i,13a,0.1,29.91601,0.3399804,0.755785,0.444203,,,
BACE,17i,13a,0.15,41.35645,0.3701357,0.755785,0.444203,,,
BACE,17i,13a,0.2,52.50098,0.3761454,0.755785,0.444203,,,
BACE,17i,13a,0.25,63.58803,0.3778029,0.755785,0.444203,,,
BACE,17i,13a,0.3,58.24873,0.4279351,0.755785,0.444203,,,
BACE,17i,13a,0.35,50.24179,0.4816181,0.755785,0.444203,,,
BACE,17i,13a,0.4,40.98708,0.5059294,0.755785,0.444203,,,
BACE,17i,13a,0.45,30.91148,0.5229982,0.755785,0.444203,,,
BACE,17i,13a,0.5,20.22741,0.5363434,0.755785,0.444203,,,
BACE,17g,13i,0,0,0,0.796942,2.61331,,,
BACE,17g,13i,0.05,16.96719,0.2395294,0.796942,2.61331,,,
BACE,17g,13i,0.1,30.14305,0.3553742,0.796942,2.61331,,,
BACE,17g,13i,0.15,41.51039,0.3892231,0.796942,2.61331,,,
BACE,17g,13i,0.2,52.62649,0.3924655,0.796942,2.61331,,,
BACE,17g,13i,0.25,63.70583,0.3934492,0.796942,2.61331,,,
BACE,17g,13i,0.3,58.21634,0.4537766,0.796942,2.61331,,,
BACE,17g,13i,0.35,49.68842,0.5082396,0.796942,2.61331,,,
BACE,17g,13i,0.4,39.82655,0.5337019,0.796942,2.61331,,,
BACE,17g,13i,0.45,29.22478,0.5464733,0.796942,2.61331,,,
BACE,17g,13i,0.5,18.15957,0.5562251,0.796942,2.61331,,,
BACE,13i,17g,0,0,0,0.796942,2.61331,,,
BACE,13i,17g,0.05,16.74553,0.3196553,0.796942,2.61331,,,
BACE,13i,17g,0.1,29.78047,0.3912941,0.796942,2.61331,,,
BACE,13i,17g,0.15,41.462,0.4239907,0.796942,2.61331,,,
BACE,13i,17g,0.2,52.66759,0.4326281,0.796942,2.61331,,,
BACE,13i,17g,0.25,63.77148,0.4350842,0.796942,2.61331,,,
BACE,13i,17g,0.3,58.38315,0.4797532,0.796942,2.61331,,,
BACE,13i,17g,0.35,50.54785,0.5187028,0.796942,2.61331,,,
BACE,13i,17g,0.4,41.52136,0.5409493,0.796942,2.61331,,,
BACE,13i,17g,0.45,31.68867,0.5564528,0.796942,2.61331,,,
BACE,13i,17g,0.5,21.24288,0.5707284,0.796942,2.61331,,,
BACE,13o,17h,0,0,0,0.811441,3.153265,,,
BACE,13o,17h,0.05,15.71597,0.3377669,0.811441,3.153265,,,
BACE,13o,17h,0.1,28.6615,0.3939499,0.811441,3.153265,,,
BACE,13o,17h,0.15,40.39542,0.4235478,0.811441,3.153265,,,
BACE,13o,17h,0.2,51.66481,0.4324446,0.811441,3.153265,,,
BACE,13o,17h,0.25,62.8079,0.4356288,0.811441,3.153265,,,
BACE,13o,17h,0.3,58.17912,0.4753746,0.811441,3.153265,,,
BACE,13o,17h,0.35,50.97246,0.5244046,0.811441,3.153265,,,
BACE,13o,17h,0.4,42.03181,0.5557929,0.811441,3.153265,,,
BACE,13o,17h,0.45,32.11818,0.5721018,0.811441,3.153265,,,
BACE,13o,17h,0.5,21.57581,0.5853719,0.811441,3.153265,,,
BACE,17h,13o,0,0,0,0.811441,3.153265,,,
BACE,17h,13o,0.05,16.78829,0.2613724,0.811441,3.153265,,,
BACE,17h,13o,0.1,30.31052,0.3328087,0.811441,3.153265,,,
BACE,17h,13o,0.15,42.42613,0.3775878,0.811441,3.153265,,,
BACE,17h,13o,0.2,53.70516,0.3959467,0.811441,3.153265,,,
BACE,17h,13o,0.25,64.80944,0.3993289,0.811441,3.153265,,,
BACE,17h,13o,0.3,60.08387,0.4408712,0.811441,3.153265,,,
BACE,17h,13o,0.35,52.63179,0.4959453,0.811441,3.153265,,,
BACE,17h,13o,0.4,43.65023,0.527147,0.811441,3.153265,,,
BACE,17h,13o,0.45,33.65875,0.5456945,0.811441,3.153265,,,
BACE,17h,13o,0.5,22.93908,0.5619396,0.811441,3.153265,,,
BACE,13h,17i,0,0,0,0.796761,1.867817,,,
BACE,13h,17i,0.05,16.97949,0.278199,0.796761,1.867817,,,
BACE,13h,17i,0.1,29.60353,0.376808,0.796761,1.867817,,,
BACE,13h,17i,0.15,40.94869,0.4019909,0.796761,1.867817,,,
BACE,13h,17i,0.2,52.07261,0.4072328,0.796761,1.867817,,,
BACE,13h,17i,0.25,63.14876,0.4086964,0.796761,1.867817,,,
BACE,13h,17i,0.3,58.41542,0.4560892,0.796761,1.867817,,,
BACE,13h,17i,0.35,50.39407,0.5077548,0.796761,1.867817,,,
BACE,13h,17i,0.4,41.15199,0.5283891,0.796761,1.867817,,,
BACE,13h,17i,0.45,31.17746,0.5441826,0.796761,1.867817,,,
BACE,13h,17i,0.5,20.62861,0.5574122,0.796761,1.867817,,,
BACE,17i,13h,0,0,0,0.796761,1.867817,,,
BACE,17i,13h,0.05,17.10342,0.2930324,0.796761,1.867817,,,
BACE,17i,13h,0.1,29.96776,0.4000783,0.796761,1.867817,,,
BACE,17i,13h,0.15,41.34155,0.4266083,0.796761,1.867817,,,
BACE,17i,13h,0.2,52.465,0.4311993,0.796761,1.867817,,,
BACE,17i,13h,0.25,63.53703,0.4325289,0.796761,1.867817,,,
BACE,17i,13h,0.3,58.14576,0.4761721,0.796761,1.867817,,,
BACE,17i,13h,0.35,49.86919,0.5224345,0.796761,1.867817,,,
BACE,17i,13h,0.4,40.22523,0.5453238,0.796761,1.867817,,,
BACE,17i,13h,0.45,29.81381,0.5589055,0.796761,1.867817,,,
BACE,17i,13h,0.5,18.92079,0.5693155,0.796761,1.867817,,,
BACE,13d,13f,0,0,0,0.802256,1.365945,,,
BACE,13d,13f,0.05,17.33168,0.2268317,0.802256,1.365945,,,
BACE,13d,13f,0.1,30.54008,0.3514103,0.802256,1.365945,,,
BACE,13d,13f,0.15,42.14846,0.3860999,0.802256,1.365945,,,
BACE,13d,13f,0.2,53.3178,0.395259,0.802256,1.365945,,,
BACE,13d,13f,0.25,64.39968,0.3971682,0.802256,1.365945,,,
BACE,13d,13f,0.3,58.7221,0.442792,0.802256,1.365945,,,
BACE,13d,13f,0.35,50.05372,0.4954282,0.802256,1.365945,,,
BACE,13d,13f,0.4,40.08798,0.5147873,0.802256,1.365945,,,
BACE,13d,13f,0.45,29.54166,0.5260891,0.802256,1.365945,,,
BACE,13d,13f,0.5,18.49634,0.5385555,0.802256,1.365945,,,
BACE,13f,13d,0,0,0,0.802256,1.365945,,,
BACE,13f,13d,0.05,16.21159,0.3587382,0.802256,1.365945,,,
BACE,13f,13d,0.1,29.16542,0.4300252,0.802256,1.365945,,,
BACE,13f,13d,0.15,40.66012,0.4624589,0.802256,1.365945,,,
BACE,13f,13d,0.2,51.82187,0.4673726,0.802256,1.365945,,,
BACE,13f,13d,0.25,62.92251,0.4688906,0.802256,1.365945,,,
BACE,13f,13d,0.3,57.29637,0.5211755,0.802256,1.365945,,,
BACE,13f,13d,0.35,48.74837,0.5573973,0.802256,1.365945,,,
BACE,13f,13d,0.4,39.19491,0.5730287,0.802256,1.365945,,,
BACE,13f,13d,0.45,29.08191,0.5838238,0.802256,1.365945,,,
BACE,13f,13d,0.5,18.5104,0.5946194,0.802256,1.365945,,,
BACE,13n,4i,0,0,0,0.783287,0.618885,,,
BACE,13n,4i,0.05,16.70657,0.2793862,0.783287,0.618885,,,
BACE,13n,4i,0.1,29.89274,0.3682203,0.783287,0.618885,,,
BACE,13n,4i,0.15,41.6139,0.3997363,0.783287,0.618885,,,
BACE,13n,4i,0.2,52.86732,0.4099261,0.783287,0.618885,,,
BACE,13n,4i,0.25,63.99402,0.4132125,0.783287,0.618885,,,
BACE,13n,4i,0.3,59.2818,0.4621232,0.783287,0.618885,,,
BACE,13n,4i,0.35,51.48486,0.5175025,0.783287,0.618885,,,
BACE,13n,4i,0.4,42.28913,0.5432017,0.783287,0.618885,,,
BACE,13n,4i,0.45,32.09605,0.5616451,0.783287,0.618885,,,
BACE,13n,4i,0.5,21.18866,0.5759698,0.783287,0.618885,,,
BACE,4i,13n,0,0,0,0.783287,0.618885,,,
BACE,4i,13n,0.05,17.52404,0.2105277,0.783287,0.618885,,,
BACE,4i,13n,0.1,30.43259,0.3285466,0.783287,0.618885,,,
BACE,4i,13n,0.15,41.86255,0.3604293,0.783287,0.618885,,,
BACE,4i,13n,0.2,53.0027,0.3666014,0.783287,0.618885,,,
BACE,4i,13n,0.25,64.08555,0.3682043,0.783287,0.618885,,,
BACE,4i,13n,0.3,58.9158,0.4246844,0.783287,0.618885,,,
BACE,4i,13n,0.35,51.19894,0.4697684,0.783287,0.618885,,,
BACE,4i,13n,0.4,42.35633,0.493256,0.783287,0.618885,,,
BACE,4i,13n,0.45,32.61879,0.514196,0.783287,0.618885,,,
BACE,4i,13n,0.5,22.08755,0.5308458,0.783287,0.618885,,,
BACE,13n,13a,0,0,0,0.823747,0.624151,,,
BACE,13n,13a,0.05,16.67499,0.2937544,0.823747,0.624151,,,
BACE,13n,13a,0.1,30.14694,0.3703228,0.823747,0.624151,,,
BACE,13n,13a,0.15,42.091,0.4074972,0.823747,0.624151,,,
BACE,13n,13a,0.2,53.3782,0.4205231,0.823747,0.624151,,,
BACE,13n,13a,0.25,64.49994,0.4244749,0.823747,0.624151,,,
BACE,13n,13a,0.3,59.37547,0.4822677,0.823747,0.624151,,,
BACE,13n,13a,0.35,51.55081,0.5256271,0.823747,0.624151,,,
BACE,13n,13a,0.4,42.21514,0.5568864,0.823747,0.624151,,,
BACE,13n,13a,0.45,31.97331,0.5720812,0.823747,0.624151,,,
BACE,13n,13a,0.5,21.172,0.5838435,0.823747,0.624151,,,
BACE,13a,13n,0,0,0,0.823747,0.624151,,,
BACE,13a,13n,0.05,17.178,0.212328,0.823747,0.624151,,,
BACE,13a,13n,0.1,31.12742,0.3552517,0.823747,0.624151,,,
BACE,13a,13n,0.15,42.83671,0.4030773,0.823747,0.624151,,,
BACE,13a,13n,0.2,54.0137,0.4107481,0.823747,0.624151,,,
BACE,13a,13n,0.25,65.10433,0.4126063,0.823747,0.624151,,,
BACE,13a,13n,0.3,59.6395,0.4970565,0.823747,0.624151,,,
BACE,13a,13n,0.35,51.35144,0.5348247,0.823747,0.624151,,,
BACE,13a,13n,0.4,42.119,0.5525837,0.823747,0.624151,,,
BACE,13a,13n,0.45,32.13072,0.5668291,0.823747,0.624151,,,
BACE,13a,13n,0.5,21.49615,0.5811082,0.823747,0.624151,,,
BACE,4m,13m,0,0,0,0.830578,0.281661,,,
BACE,4m,13m,0.05,17.79577,0.1500824,0.830578,0.281661,,,
BACE,4m,13m,0.1,32.92274,0.3083082,0.830578,0.281661,,,
BACE,4m,13m,0.15,45.56287,0.3794499,0.830578,0.281661,,,
BACE,4m,13m,0.2,57.00627,0.4046944,0.830578,0.281661,,,
BACE,4m,13m,0.25,68.17179,0.4104355,0.830578,0.281661,,,
BACE,4m,13m,0.3,63.89066,0.4629124,0.830578,0.281661,,,
BACE,4m,13m,0.35,56.33324,0.5134773,0.830578,0.281661,,,
BACE,4m,13m,0.4,47.38938,0.5386128,0.830578,0.281661,,,
BACE,4m,13m,0.45,37.41309,0.5583738,0.830578,0.281661,,,
BACE,4m,13m,0.5,26.72618,0.5746224,0.830578,0.281661,,,
BACE,13m,4m,0,0,0,0.830578,0.281661,,,
BACE,13m,4m,0.05,18.1949,0.1169574,0.830578,0.281661,,,
BACE,13m,4m,0.1,33.50859,0.3547712,0.830578,0.281661,,,
BACE,13m,4m,0.15,45.99266,0.4269293,0.830578,0.281661,,,
BACE,13m,4m,0.2,57.31219,0.4478554,0.830578,0.281661,,,
BACE,13m,4m,0.25,68.43413,0.4513072,0.830578,0.281661,,,
BACE,13m,4m,0.3,63.95983,0.4939331,0.830578,0.281661,,,
BACE,13m,4m,0.35,56.36531,0.5459531,0.830578,0.281661,,,
BACE,13m,4m,0.4,47.28897,0.5715959,0.830578,0.281661,,,
BACE,13m,4m,0.45,37.38355,0.5861014,0.830578,0.281661,,,
BACE,13m,4m,0.5,26.83452,0.5997239,0.830578,0.281661,,,
BACE,4o,4b,0,0,0,0.768457,1.445507,,,
BACE,4o,4b,0.05,17.4255,0.2283184,0.768457,1.445507,,,
BACE,4o,4b,0.1,30.71269,0.3610719,0.768457,1.445507,,,
BACE,4o,4b,0.15,42.15371,0.3945649,0.768457,1.445507,,,
BACE,4o,4b,0.2,53.30311,0.3992707,0.768457,1.445507,,,
BACE,4o,4b,0.25,64.39601,0.4007659,0.768457,1.445507,,,
BACE,4o,4b,0.3,59.1219,0.4556326,0.768457,1.445507,,,
BACE,4o,4b,0.35,50.62295,0.5083955,0.768457,1.445507,,,
BACE,4o,4b,0.4,40.99679,0.5262718,0.768457,1.445507,,,
BACE,4o,4b,0.45,30.69174,0.5397346,0.768457,1.445507,,,
BACE,4o,4b,0.5,19.81968,0.5524369,0.768457,1.445507,,,
BACE,4b,4o,0,0,0,0.768457,1.445507,,,
BACE,4b,4o,0.05,16.78583,0.1941429,0.768457,1.445507,,,
BACE,4b,4o,0.1,30.05347,0.3205645,0.768457,1.445507,,,
BACE,4b,4o,0.15,41.62158,0.357676,0.768457,1.445507,,,
BACE,4b,4o,0.2,52.79753,0.3650378,0.768457,1.445507,,,
BACE,4b,4o,0.25,63.8954,0.3671862,0.768457,1.445507,,,
BACE,4b,4o,0.3,58.81782,0.4191951,0.768457,1.445507,,,
BACE,4b,4o,0.35,50.9901,0.4758356,0.768457,1.445507,,,
BACE,4b,4o,0.4,41.76523,0.5031171,0.768457,1.445507,,,
BACE,4b,4o,0.45,31.69352,0.5190962,0.768457,1.445507,,,
BACE,4b,4o,0.5,21.01519,0.5341725,0.768457,1.445507,,,
BACE,17b,17e,0,0,0,0.764179,1.40402,,,
BACE,17b,17e,0.05,17.76824,0.1757522,0.764179,1.40402,,,
BACE,17b,17e,0.1,30.88059,0.3351776,0.764179,1.40402,,,
BACE,17b,17e,0.15,42.24364,0.3679741,0.764179,1.40402,,,
BACE,17b,17e,0.2,53.36079,0.3721448,0.764179,1.40402,,,
BACE,17b,17e,0.25,64.43251,0.3734525,0.764179,1.40402,,,
BACE,17b,17e,0.3,58.83585,0.4078469,0.764179,1.40402,,,
BACE,17b,17e,0.35,50.75532,0.4642148,0.764179,1.40402,,,
BACE,17b,17e,0.4,41.22819,0.4909664,0.764179,1.40402,,,
BACE,17b,17e,0.45,31.06027,0.5041208,0.764179,1.40402,,,
BACE,17b,17e,0.5,20.36543,0.5177204,0.764179,1.40402,,,
BACE,17e,17b,0,0,0,0.764179,1.40402,,,
BACE,17e,17b,0.05,17.23846,0.2717298,0.764179,1.40402,,,
BACE,17e,17b,0.1,30.39674,0.3886991,0.764179,1.40402,,,
BACE,17e,17b,0.15,41.7533,0.4225099,0.764179,1.40402,,,
BACE,17e,17b,0.2,52.85761,0.4256767,0.764179,1.40402,,,
BACE,17e,17b,0.25,63.92598,0.426601,0.764179,1.40402,,,
BACE,17e,17b,0.3,58.1913,0.4721703,0.764179,1.40402,,,
BACE,17e,17b,0.35,49.78217,0.5138567,0.764179,1.40402,,,
BACE,17e,17b,0.4,40.17667,0.5352677,0.764179,1.40402,,,
BACE,17e,17b,0.45,29.82792,0.55027,0.764179,1.40402,,,
BACE,17e,17b,0.5,18.96141,0.5620817,0.764179,1.40402,,,
BACE,17g,13c,0,0,0,0.777357,0.343722,,,
BACE,17g,13c,0.05,16.5433,0.2508387,0.777357,0.343722,,,
BACE,17g,13c,0.1,29.60907,0.3511244,0.777357,0.343722,,,
BACE,17g,13c,0.15,41.09429,0.3843911,0.777357,0.343722,,,
BACE,17g,13c,0.2,52.24335,0.3907593,0.777357,0.343722,,,
BACE,17g,13c,0.25,63.32436,0.3926906,0.777357,0.343722,,,
BACE,17g,13c,0.3,57.68089,0.4436734,0.777357,0.343722,,,
BACE,17g,13c,0.35,49.07433,0.4923929,0.777357,0.343722,,,
BACE,17g,13c,0.4,39.20262,0.5158136,0.777357,0.343722,,,
BACE,17g,13c,0.45,28.6974,0.5281337,0.777357,0.343722,,,
BACE,17g,13c,0.5,17.75031,0.5384059,0.777357,0.343722,,,
BACE,13c,17g,0,0,0,0.777357,0.343722,,,
BACE,13c,17g,0.05,15.50048,0.3385712,0.777357,0.343722,,,
BACE,13c,17g,0.1,28.12713,0.3974675,0.777357,0.343722,,,
BACE,13c,17g,0.15,39.64482,0.4236189,0.777357,0.343722,,,
BACE,13c,17g,0.2,50.79737,0.4308141,0.777357,0.343722,,,
BACE,13c,17g,0.25,61.8686,0.4327353,0.777357,0.343722,,,
BACE,13c,17g,0.3,56.1019,0.4680152,0.777357,0.343722,,,
BACE,13c,17g,0.35,47.94157,0.5102885,0.777357,0.343722,,,
BACE,13c,17g,0.4,38.55162,0.5344589,0.777357,0.343722,,,
BACE,13c,17g,0.45,28.43478,0.5494535,0.777357,0.343722,,,
BACE,13c,17g,0.5,17.82659,0.5607162,0.777357,0.343722,,,
BACE,13d,13i,0,0,0,0.731886,1.635865,,,
BACE,13d,13i,0.05,17.84424,0.1666446,0.731886,1.635865,,,
BACE,13d,13i,0.1,30.87295,0.3315678,0.731886,1.635865,,,
BACE,13d,13i,0.15,42.25194,0.363021,0.731886,1.635865,,,
BACE,13d,13i,0.2,53.38166,0.3691101,0.731886,1.635865,,,
BACE,13d,13i,0.25,64.45103,0.3711199,0.731886,1.635865,,,
BACE,13d,13i,0.3,58.11379,0.436332,0.731886,1.635865,,,
BACE,13d,13i,0.35,49.08393,0.4809875,0.731886,1.635865,,,
BACE,13d,13i,0.4,39.22297,0.4962682,0.731886,1.635865,,,
BACE,13d,13i,0.45,28.90161,0.5066018,0.731886,1.635865,,,
BACE,13d,13i,0.5,18.21185,0.5161512,0.731886,1.635865,,,
BACE,13i,13d,0,0,0,0.731886,1.635865,,,
BACE,13i,13d,0.05,17.62667,0.2032406,0.731886,1.635865,,,
BACE,13i,13d,0.1,30.16558,0.3414426,0.731886,1.635865,,,
BACE,13i,13d,0.15,41.47505,0.3629111,0.731886,1.635865,,,
BACE,13i,13d,0.2,52.60684,0.3675193,0.731886,1.635865,,,
BACE,13i,13d,0.25,63.68763,0.3693599,0.731886,1.635865,,,
BACE,13i,13d,0.3,57.38515,0.4450081,0.731886,1.635865,,,
BACE,13i,13d,0.35,48.49909,0.4789144,0.731886,1.635865,,,
BACE,13i,13d,0.4,38.77072,0.497354,0.731886,1.635865,,,
BACE,13i,13d,0.45,28.48327,0.5087704,0.731886,1.635865,,,
BACE,13i,13d,0.5,17.77599,0.5188887,0.731886,1.635865,,,
BACE,13o,17i,0,0,0,0.781722,0.683336,,,
BACE,13o,17i,0.05,16.40708,0.2750956,0.781722,0.683336,,,
BACE,13o,17i,0.1,29.90344,0.3428825,0.781722,0.683336,,,
BACE,13o,17i,0.15,41.91625,0.3874426,0.781722,0.683336,,,
BACE,13o,17i,0.2,53.19479,0.400508,0.781722,0.683336,,,
BACE,13o,17i,0.25,64.32784,0.4038686,0.781722,0.683336,,,
BACE,13o,17i,0.3,59.68145,0.4509866,0.781722,0.683336,,,
BACE,13o,17i,0.35,52.0231,0.5010121,0.781722,0.683336,,,
BACE,13o,17i,0.4,43.08699,0.5230397,0.781722,0.683336,,,
BACE,13o,17i,0.45,33.31642,0.5403462,0.781722,0.683336,,,
BACE,13o,17i,0.5,22.77377,0.5580021,0.781722,0.683336,,,
BACE,17i,13o,0,0,0,0.781722,0.683336,,,
BACE,17i,13o,0.05,16.92729,0.2339796,0.781722,0.683336,,,
BACE,17i,13o,0.1,30.17437,0.3439486,0.781722,0.683336,,,
BACE,17i,13o,0.15,41.71804,0.385953,0.781722,0.683336,,,
BACE,17i,13o,0.2,52.88179,0.3923649,0.781722,0.683336,,,
BACE,17i,13o,0.25,63.98051,0.3939809,0.781722,0.683336,,,
BACE,17i,13o,0.3,59.07687,0.4328982,0.781722,0.683336,,,
BACE,17i,13o,0.35,51.684,0.4801343,0.781722,0.683336,,,
BACE,17i,13o,0.4,42.801,0.5120896,0.781722,0.683336,,,
BACE,17i,13o,0.45,33.02548,0.5289986,0.781722,0.683336,,,
BACE,17i,13o,0.5,22.52711,0.54747,0.781722,0.683336,,,
BACE,13d,13h,0,0,0,0.775253,0.418532,,,
BACE,13d,13h,0.05,17.41568,0.2474285,0.775253,0.418532,,,
BACE,13d,13h,0.1,30.11567,0.4023778,0.775253,0.418532,,,
BACE,13d,13h,0.15,41.32938,0.4230201,0.775253,0.418532,,,
BACE,13d,13h,0.2,52.4109,0.4254731,0.775253,0.418532,,,
BACE,13d,13h,0.25,63.46654,0.4262309,0.775253,0.418532,,,
BACE,13d,13h,0.3,57.33148,0.4725185,0.775253,0.418532,,,
BACE,13d,13h,0.35,48.43322,0.5169558,0.775253,0.418532,,,
BACE,13d,13h,0.4,38.51576,0.5325431,0.775253,0.418532,,,
BACE,13d,13h,0.45,28.03198,0.5435799,0.775253,0.418532,,,
BACE,13d,13h,0.5,17.10151,0.5542533,0.775253,0.418532,,,
BACE,13h,13d,0,0,0,0.775253,0.418532,,,
BACE,13h,13d,0.05,16.80945,0.2781896,0.775253,0.418532,,,
BACE,13h,13d,0.1,29.51919,0.3810364,0.775253,0.418532,,,
BACE,13h,13d,0.15,40.79996,0.4060163,0.775253,0.418532,,,
BACE,13h,13d,0.2,51.88879,0.409229,0.775253,0.418532,,,
BACE,13h,13d,0.25,62.94594,0.4100988,0.775253,0.418532,,,
BACE,13h,13d,0.3,56.97857,0.4607148,0.775253,0.418532,,,
BACE,13h,13d,0.35,48.25166,0.5005764,0.775253,0.418532,,,
BACE,13h,13d,0.4,38.56265,0.5180275,0.775253,0.418532,,,
BACE,13h,13d,0.45,28.27296,0.5310438,0.775253,0.418532,,,
BACE,13h,13d,0.5,17.52298,0.5420521,0.775253,0.418532,,,
BACE,13g,17i,0,0,0,0.803351,0.859492,,,
BACE,13g,17i,0.05,17.24639,0.2302787,0.803351,0.859492,,,
BACE,13g,17i,0.1,30.84957,0.3117417,0.803351,0.859492,,,
BACE,13g,17i,0.15,42.87925,0.3664404,0.803351,0.859492,,,
BACE,13g,17i,0.2,54.15518,0.3826319,0.803351,0.859492,,,
BACE,13g,17i,0.25,65.2847,0.3861311,0.803351,0.859492,,,
BACE,13g,17i,0.3,60.64121,0.4427903,0.803351,0.859492,,,
BACE,13g,17i,0.35,53.38348,0.4897556,0.803351,0.859492,,,
BACE,13g,17i,0.4,44.63119,0.5236048,0.803351,0.859492,,,
BACE,13g,17i,0.45,34.8554,0.5436343,0.803351,0.859492,,,
BACE,13g,17i,0.5,24.37358,0.5597284,0.803351,0.859492,,,
BACE,17i,13g,0,0,0,0.803351,0.859492,,,
BACE,17i,13g,0.05,17.65464,0.1748235,0.803351,0.859492,,,
BACE,17i,13g,0.1,31.75985,0.3085401,0.803351,0.859492,,,
BACE,17i,13g,0.15,44.01477,0.3660242,0.803351,0.859492,,,
BACE,17i,13g,0.2,55.34573,0.3867476,0.803351,0.859492,,,
BACE,17i,13g,0.25,66.47957,0.3906283,0.803351,0.859492,,,
BACE,17i,13g,0.3,61.84365,0.4647507,0.803351,0.859492,,,
BACE,17i,13g,0.35,53.83488,0.519311,0.803351,0.859492,,,
BACE,17i,13g,0.4,44.41511,0.5451301,0.803351,0.859492,,,
BACE,17i,13g,0.45,34.13089,0.5611813,0.803351,0.859492,,,
BACE,17i,13g,0.5,23.13409,0.5762609,0.803351,0.859492,,,